Date,US LT (20Y) Corporate Bonds (TR),US LT (20Y) Government Bonds (TR),US Intermediate-term (5Y) Government Bonds (TR),US (30-Day) Treasury Bills,AUSTRALIA Standard (Large+Mid Cap),EUROPE Standard (Large+Mid Cap),GERMANY Standard (Large+Mid Cap),HONG KONG Standard (Large+Mid Cap),JAPAN Standard (Large+Mid Cap),UNITED KINGDOM Standard (Large+Mid Cap),Gold Return,CANADA Standard (Large+Mid Cap),US Large-Cap Stocks (TR),US Small-Cap Stocks (TR)
Jan-70,0.0141,-0.0021,0.003,0.006,-0.0313,-0.0087,-0.0484,0.0552,-0.0158,-0.0074,-0.006,0.0245,-0.0743,-0.0608
Feb-70,0.0401,0.0587,0.0439,0.0062,-0.0115,-0.0311,-0.0293,0.0707,0.0123,-0.0536,0.0009,0.0444,0.0558,0.0387
Mar-70,-0.0045,-0.0068,0.0087,0.0057,-0.0034,0.0126,0.0088,0.0406,0.0406,0.0245,0.008,0.0102,0.0044,-0.0285
Apr-70,-0.025,-0.0413,-0.0207,0.005,-0.112,-0.0736,-0.0462,0.0042,-0.1211,-0.1023,0.0156,-0.1143,-0.0875,-0.1728
May-70,-0.0163,-0.0468,0.011,0.0053,-0.0648,-0.0535,-0.0939,-0.0276,-0.0266,-0.0504,-0.0112,-0.095,-0.0578,-0.1031
Jun-70,0.0001,0.0486,0.0061,0.0058,0.1292,0.0117,-0.0369,0.0485,0.0183,0.045,0.0011,0.0503,-0.0466,-0.0929
Jul-70,0.0556,0.0319,0.0152,0.0052,0.0319,0.0474,0.0609,0.0725,0.0021,0.037,-0.0054,0.0716,0.0769,0.0554
Aug-70,0.01,-0.0019,0.0116,0.0053,-0.0078,0.0074,0.0117,0.0422,-0.0107,-0.0025,0.0142,0.0454,0.0478,0.0949
Sep-70,0.0139,0.0228,0.0196,0.0054,0.0013,0.0108,-0.0163,-0.0167,-0.0115,0.0583,0.0168,0.0652,0.0362,0.1086
Oct-70,-0.0096,-0.0109,0.0095,0.0046,-0.0917,-0.0053,-0.015,-0.0292,0.0129,-0.0025,0.0234,-0.0139,-0.0083,-0.0706
Nov-70,0.0584,0.0791,0.0451,0.0046,-0.049,-0.0459,-0.0363,0.0456,-0.0288,-0.0686,0.0078,0.0476,0.0506,0.0137
Dec-70,0.0372,-0.0084,0.0054,0.0042,0.0123,0.0233,-0.0301,0.075,0.008,0.0623,-0.0043,0.027,0.0597,0.0726
Jan-71,0.0532,0.0506,0.0168,0.0038,-0.0226,0.0424,0.1435,0.049,0.0548,0.0028,0.0179,0.033,0.0432,0.1592
Feb-71,-0.0366,-0.0163,0.0224,0.0033,-0.0187,0.0029,0.0426,-0.0486,0.046,-0.0184,0.0197,-0.0016,0.0117,0.0317
Mar-71,0.0258,0.0526,0.0186,0.003,0.0551,0.0327,0.0093,0.0063,0.0825,0.0859,0.0021,0.0442,0.0394,0.0564
Apr-71,-0.0236,-0.0283,-0.0327,0.0028,-0.0364,0.0413,-0.061,0.0778,0.0518,0.1107,0.0211,-0.0025,0.0389,0.0247
May-71,-0.0161,-0.0006,0.0011,0.0029,-0.0281,0.0275,0.0474,0.0826,-0.0071,0.0368,0.0287,-0.0272,-0.0391,-0.0605
Jun-71,0.0107,-0.0159,-0.0187,0.0037,0.0092,0.0082,0.002,0.2143,0.0957,0.0171,-0.0181,-0.006,0.0033,-0.0319
Jul-71,-0.0025,0.003,0.0027,0.004,-0.04,0.0451,0.0519,-0.0106,0.0048,0.0671,0.0574,0.002,-0.0387,-0.0563
Aug-71,0.0554,0.0471,0.035,0.0047,-0.0341,-0.0012,-0.019,0.1864,-0.0661,0.0137,-0.0413,0.0396,0.0388,0.0583
Sep-71,-0.0102,0.0204,0.0026,0.0037,-0.0988,-0.0199,-0.011,0.0583,0.0331,0.001,0.048,-0.0087,-0.0044,-0.0226
Oct-71,0.0282,0.0167,0.022,0.0037,0.0045,-0.0334,-0.0756,-0.0264,-0.0393,-0.026,-0.0061,-0.048,-0.0392,-0.0551
Nov-71,0.0029,-0.0047,0.0052,0.0037,-0.0151,0.0271,0.0266,-0.2381,0.0696,0.0261,0.0298,-0.003,0.0002,-0.0373
Dec-71,0.0223,0.0044,0.011,0.0037,0.2325,0.0679,0.074,0.225,0.1286,0.0777,-0.0011,0.1156,0.0888,0.1144
Jan-72,-0.0033,-0.0064,0.0106,0.0029,-0.0311,0.0593,0.0727,-0.0098,0.0781,0.0551,0.0827,0.0465,0.0206,0.1130
Feb-72,0.0107,0.0088,0.0014,0.0025,0.1024,0.0543,0.0839,0.0368,0.0912,0.0612,0.0223,0.0337,0.0277,0.0296
Mar-72,0.0024,-0.0082,0.0015,0.0027,0.0332,0.0278,0.0517,0.0493,0.0536,0.0012,0.0037,0.002,0.0083,-0.0143
Apr-72,0.0035,0.0027,0.0014,0.0029,-0.0193,0.0189,-0.0261,0.1182,0.0504,0.0331,0.0252,0.0051,0.0068,0.0129
May-72,0.0163,0.027,0.0016,0.003,0.0434,0.0168,0.0295,0.0889,0.086,-0.0195,0.1986,0.0544,0.0197,-0.0191
Jun-72,-0.0068,-0.0065,0.0045,0.0029,0.0271,-0.0505,-0.0157,0.0529,0.0399,-0.0921,0.0875,0.0203,-0.0194,-0.0305
Jul-72,0.003,0.0216,0.0015,0.0031,-0.0563,0.0523,0.0571,0.0896,0.0854,0.0563,0.0565,-0.0031,0.0048,-0.0413
Aug-72,0.0072,0.0029,0.0015,0.0029,0.0064,0.0062,-0.0226,-0.0792,0.0247,0.0061,-0.0208,0.069,0.0369,0.0186
Sep-72,0.0031,-0.0083,0.0014,0.0034,-0.0319,-0.0589,-0.0359,0.0916,0.0453,-0.1098,-0.0401,-0.0056,-0.0025,-0.0349
Oct-72,0.0101,0.0234,0.0016,0.004,0.0612,-0.0019,-0.0202,0.2844,0.0322,-0.0029,0.003,-0.0206,0.0118,-0.0175
Nov-72,0.0249,0.0226,0.0045,0.0037,0.0318,0.0268,0.0147,0.0529,0.178,0.0704,-0.0123,0.047,0.0481,0.0592
Dec-72,-0.0004,-0.0229,0.0192,0.0037,0.0279,-0.0081,-0.0163,0.2797,0.0861,-0.0146,0.0204,0.0412,0.0142,-0.0214
Jan-73,-0.0054,-0.0321,-0.0006,0.0044,0.0332,0.0044,0.0635,0.1698,0.0168,-0.0639,0.0169,-0.0016,-0.0149,-0.0432
Feb-73,0.0023,0.0014,-0.0075,0.0042,0.0113,0.0695,0.0867,0.8783,0.084,0.0138,0.2879,-0.0212,-0.0352,-0.0799
Mar-73,0.0045,0.0082,0.0046,0.0046,-0.0015,0.028,0.0556,-0.2101,0.0026,-0.0012,0.0588,0.0023,0.0008,-0.0208
Apr-73,0.0061,0.0046,0.0064,0.0052,-0.0628,0.0052,-0.0529,-0.4217,-0.1108,0.0117,0.008,-0.0429,-0.0383,-0.0621
May-73,-0.0039,-0.0105,0.0057,0.0051,0.0834,0.0144,-0.059,0.0207,0.0258,0.0312,0.2649,-0.0389,-0.0163,-0.0811
Jun-73,-0.0056,-0.0021,-0.0006,0.0051,-0.0243,0.0383,0.1111,-0.1517,0.0176,-0.0047,0.0741,0.0208,-0.0040,-0.0290
Jul-73,-0.0476,-0.0433,-0.0276,0.0064,0.0189,-0.0534,-0.035,0.1064,0.0606,-0.0736,-0.0621,0.0555,0.0407,0.1194
Aug-73,0.0356,0.0391,0.0254,0.007,-0.1095,-0.0424,-0.0351,-0.142,-0.0474,-0.0554,-0.1047,-0.0024,-0.0341,-0.0445
Sep-73,0.0356,0.0318,0.025,0.0068,-0.0311,0.0211,0.004,-0.1023,-0.0539,0.0157,-0.0338,0.0335,0.0427,0.1064
Oct-73,-0.0066,0.0215,0.005,0.0065,0.0586,0.0262,0.0589,0.1542,-0.0051,0.0355,-0.02,0.0742,0.0017,0.0084
Nov-73,0.0078,-0.0183,0.0064,0.0056,-0.0852,-0.1514,-0.1704,-0.1515,-0.1375,-0.149,0.0306,-0.0963,-0.1109,-0.1962
Dec-73,-0.0089,-0.0082,0.004,0.0064,-0.0118,-0.0318,-0.0467,-0.163,-0.0552,-0.0547,0.1114,-0.0076,0.0198,-0.0014
Jan-74,-0.0053,-0.0083,0.0009,0.0063,0.1311,-0.0016,0.0489,0.0561,-0.0055,-0.0423,0.1804,0.0317,-0.0072,0.1326
Feb-74,0.0009,-0.0024,0.0035,0.0058,0.0924,0.0308,-0.0303,-0.1493,0.0406,0.0694,0.2264,0.0389,-0.0007,-0.0085
Mar-74,-0.0307,-0.0292,-0.0212,0.0056,-0.0618,-0.0407,0.0551,-0.1144,0.0169,-0.1604,0.0646,-0.0231,-0.0205,-0.0074
Apr-74,-0.0341,-0.0253,-0.0152,0.0075,-0.0373,0.0429,0.0793,-0.1001,0.0149,0.0805,-0.0217,-0.071,-0.0359,-0.0464
May-74,0.0105,0.0123,0.013,0.0075,-0.1458,-0.0777,-0.0614,0.3193,0.036,-0.1016,-0.0739,-0.0773,-0.0302,-0.0793
Jun-74,-0.0285,0.0045,-0.0087,0.006,-0.0608,-0.0517,-0.0351,-0.0018,-0.0353,-0.0951,-0.0797,-0.0344,-0.0113,-0.0147
Jul-74,-0.0211,-0.0029,0.0007,0.007,-0.1564,-0.0109,-0.0202,-0.1581,-0.0995,-0.0637,0.0815,0.0164,-0.0742,-0.0219
Aug-74,-0.0268,-0.0232,-0.0012,0.006,-0.0196,-0.1031,-0.0218,-0.2252,-0.1101,-0.1458,0,-0.0981,-0.0864,-0.0681
Sep-74,0.0174,0.0247,0.0319,0.0081,-0.2936,-0.0972,-0.0445,-0.1805,0.0108,-0.1172,-0.0304,-0.1018,-0.1152,-0.0653
Oct-74,0.0885,0.0489,0.0109,0.0051,0.2528,0.044,0.0584,0.0678,-0.0834,0.0371,0.1041,0.1096,0.1681,0.1063
Nov-74,0.0117,0.0296,0.0236,0.0054,0.0411,0.0013,0.0954,-0.2015,0.1037,-0.1532,0.1018,-0.0859,-0.0488,-0.0438
Dec-74,-0.0075,0.0171,0.0185,0.007,-0.0396,0.0072,0.0402,-0.0023,-0.0407,0.0229,0.0136,0.0068,-0.0156,-0.0788
Jan-75,0.0596,0.0225,0.0053,0.0058,0.2302,0.2348,0.1292,0.3453,0.0504,0.5605,-0.0574,0.1558,0.1272,0.2767
Feb-75,0.0137,0.0131,0.0148,0.0043,0.0187,0.1315,0.1354,0.1442,0.1458,0.2667,0.0338,0.0273,0.0638,0.0285
Mar-75,-0.0247,-0.0267,-0.0059,0.0041,-0.0187,-0.0314,-0.0123,0.0575,0.0249,-0.0832,-0.0248,-0.0285,0.0254,0.0618
Apr-75,-0.0052,-0.0182,-0.0186,0.0044,-0.0171,0.0717,0.0182,0.1309,0.0025,0.1548,-0.0578,0.0151,0.0510,0.0531
May-75,0.0106,0.0212,0.026,0.0044,0.1021,-0.0156,-0.0589,-0.0069,-0.005,0.0332,0,0.021,0.0477,0.0663
Jun-75,0.0304,0.0292,0.0027,0.0041,-0.0288,-0.0639,0.0041,0.0038,0.011,-0.1562,-0.0045,0.0251,0.0477,0.0750
Jul-75,-0.003,-0.0087,-0.003,0.0048,-0.02,-0.0379,-0.0058,-0.063,-0.051,-0.0456,0.0027,-0.0082,-0.0644,-0.0254
Aug-75,-0.0175,-0.0068,-0.0009,0.0048,-0.0347,0.0214,-0.0495,-0.0197,-0.0444,0.1298,-0.0414,-0.0086,-0.0176,-0.0574
Sep-75,-0.0126,-0.0098,0.001,0.0053,0.0679,-0.0492,-0.0441,0.0272,-0.0633,-0.0138,-0.1161,-0.0488,-0.0312,-0.0182
Oct-75,0.0553,0.0475,0.0366,0.0056,0.0292,0.0805,0.1277,0.0253,0.1077,0.0584,0.0117,-0.0433,0.0653,-0.0050
Nov-75,-0.0088,-0.0109,-0.001,0.0041,0.0683,0.0262,0.0242,0.0644,0.0085,-0.0185,-0.0332,0.0806,0.0282,0.0320
Dec-75,0.0442,0.039,0.0198,0.0048,0.0311,0.0215,0.0125,0.1097,0.0112,0.0471,0.0152,-0.0342,-0.0081,-0.0197
Jan-76,0.0188,0.009,0.0057,0.0047,0.0172,0.0436,0.0225,0.2004,0.0615,0.0981,-0.0863,0.1086,0.1217,0.2684
Feb-76,0.0061,0.0062,0.0084,0.0034,0.0166,-0.0196,0.0169,0.0697,0.0069,-0.0326,0.0324,0.0542,-0.0084,0.1390
Mar-76,0.0167,0.0166,0.0075,0.004,-0.0233,-0.0267,0.0392,0.0445,-0.0004,-0.0602,-0.0204,-0.0125,0.0337,-0.0015
Apr-76,-0.0015,0.0018,0.0116,0.0042,0.0235,-0.012,-0.0597,-0.0654,0.0064,0.0004,-0.0093,0.0178,-0.0078,-0.0359
May-76,-0.0103,-0.0158,-0.0145,0.0037,0.0103,-0.0461,-0.0303,-0.0506,0.0055,-0.1045,-0.0226,0.0069,-0.0111,-0.0361
Jun-76,0.015,0.0208,0.0159,0.0043,0.0134,-0.0021,0.016,0.0294,0.0499,0.0011,-0.0135,-0.006,0.0443,0.0459
Jul-76,0.0149,0.0078,0.0119,0.0047,0.1021,-0.0181,-0.0087,-0.0224,-0.0186,-0.0327,-0.0913,-0.0139,-0.0048,0.0045
Aug-76,0.0231,0.0211,0.0189,0.0042,-0.0028,-0.0209,0.0023,0.0285,0.035,-0.0496,-0.0756,-0.0086,-0.0018,-0.0290
Sep-76,0.0167,0.0145,0.0076,0.0044,-0.0806,-0.0267,0.0477,-0.0072,0.0053,-0.1144,0.1154,-0.0118,0.0258,0.0104
Oct-76,0.007,0.0084,0.0147,0.0041,-0.0599,-0.0735,-0.0614,-0.0455,-0.0524,-0.1315,0.0616,-0.036,-0.0186,-0.0209
Nov-76,0.0319,0.0339,0.0321,0.004,-0.21,0.0446,0.054,0.0512,-0.0112,0.1031,0.0577,-0.1247,-0.0041,0.0404
Dec-76,0.0347,0.0327,0.0026,0.004,0.1157,0.0871,0.0261,0.1419,0.1523,0.2242,0.0326,0.1387,0.0561,0.1180
Jan-77,-0.0303,-0.0388,-0.019,0.0036,0.0177,0.007,-0.0177,-0.0322,-0.0299,0.0953,-0.0164,-0.0293,-0.0473,0.0450
Feb-77,-0.002,-0.0049,0.0048,0.0035,-0.0301,0.0092,-0.0154,-0.0202,0.0512,0.0237,0.079,-0.008,-0.0182,-0.0039
Mar-77,0.0094,0.0091,0.0055,0.0038,0.0592,0.0076,0.0336,-0.0285,-0.0097,0.0328,0.0431,0.0079,-0.0105,0.0131
Apr-77,0.01,0.0071,0.0051,0.0038,-0.0113,0.0371,0.085,0.0546,0.0184,0.034,-0.0111,-0.0224,0.0042,0.0228
May-77,0.0106,0.0125,0.0056,0.0037,0.0451,-0.0067,-0.0207,-0.0276,-0.0063,0.0253,-0.0292,-0.0179,-0.0196,-0.0028
Jun-77,0.0175,0.0164,0.0102,0.004,-0.0032,0.0127,-0.0193,0.0094,0.0394,0.0309,0.0003,0.0421,0.0494,0.0772
Jul-77,-0.0005,-0.007,0.0001,0.0042,-0.0547,-0.015,0.0338,-0.045,-0.012,-0.0155,0.0077,-0.0037,-0.0124,0.0030
Aug-77,0.0136,0.0198,0.0008,0.0044,-0.0485,0.045,0.0057,0.0247,0.0528,0.1188,0.0132,-0.0414,-0.0172,-0.0107
Sep-77,-0.0022,-0.0029,0.0015,0.0043,-0.0005,0.0432,0.0189,-0.0284,0.0142,0.0836,0.0551,0.0051,0.0016,0.0092
Oct-77,-0.0038,-0.0093,-0.006,0.0049,0.074,0.0254,0.0547,-0.0074,0.0195,0.0166,0.0484,-0.0681,-0.0390,-0.0330
Nov-77,0.0061,0.0093,0.0079,0.005,-0.027,-0.0166,0.0197,0.007,0.0028,-0.0527,-0.009,0.0586,0.0316,0.1086
Dec-77,-0.0105,-0.0168,-0.0023,0.0049,0.0901,0.0539,0.0494,-0.0269,0.0071,0.0664,0.0306,0.0592,0.0075,0.0081
Jan-78,-0.0089,-0.008,0.0013,0.0049,-0.0481,-0.0013,0.0124,0.0043,0.0421,-0.027,0.0655,-0.0727,-0.0574,-0.0189
Feb-78,0.0051,0.0004,0.0017,0.0046,-0.055,-0.0023,0.04,0.0145,0.0379,-0.0545,0.037,-0.0023,-0.0203,0.0347
Mar-78,0.0042,-0.0021,0.0037,0.0053,0.0567,0.0346,0.0036,0.0949,0.1294,0.0264,-0.0036,0.0451,0.0294,0.1032
Apr-78,-0.0023,-0.0005,0.0024,0.0054,0.064,-0.0149,-0.0515,0.0039,-0.0064,-0.0024,-0.0592,0.0187,0.0902,0.0788
May-78,-0.0108,-0.0058,-0.0002,0.0051,0.0487,0.0246,0.0065,0.0182,0.0091,0.0415,0.0778,0.0567,0.0092,0.0820
Jun-78,0.0023,-0.0062,-0.0021,0.0054,-0.003,0.0077,0.0288,0.2161,0.0939,-0.0118,-0.006,-0.0059,-0.0138,-0.0189
Jul-78,0.0101,0.0143,0.0098,0.0056,0.0666,0.0755,0.054,0.0506,0.1042,0.103,0.094,0.0559,0.0583,0.0684
Aug-78,0.0257,0.0218,0.0079,0.0056,0.063,0.0348,0.0435,0.1706,-0.015,0.0273,0.0422,0.0198,0.0301,0.0939
Sep-78,-0.0048,-0.0106,0.0057,0.0062,0.0419,0.041,0.0561,-0.0657,0.0221,0.013,0.0402,0.0354,-0.0032,-0.0032
Oct-78,-0.0205,-0.02,-0.0112,0.0068,-0.0443,0.047,0.1009,0.0489,0.0776,0.0273,0.1175,-0.0454,-0.0872,-0.2427
Nov-78,0.0134,0.0189,0.0092,0.007,-0.052,-0.0876,-0.1149,-0.2847,-0.0923,-0.048,-0.2028,0.058,0.0215,0.0732
Dec-78,-0.0133,-0.013,0.0063,0.0078,0.0621,0.0504,0.0577,-0.0147,0.0486,0.0318,0.1686,0.0283,0.0196,0.0168
Jan-79,0.0184,0.0191,0.0055,0.0077,0.0404,0.0045,-0.016,0.1178,-0.0035,-0.0062,0.0341,0.0233,0.0443,0.1321
Feb-79,-0.0128,-0.0135,-0.0059,0.0073,0.0327,0.0179,-0.0221,-0.0413,-0.0385,0.086,0.0753,0.0238,-0.0321,-0.0282
Mar-79,0.0107,0.0129,0.0112,0.0081,0.0121,0.0641,-0.0216,-0.0034,-0.0356,0.1514,-0.0446,0.101,0.0596,0.1120
Apr-79,-0.0052,-0.0112,0.0033,0.008,-0.0342,0.0134,-0.0173,-0.0041,-0.0311,0.0489,0.0217,0.0277,0.0063,0.0387
May-79,0.0228,0.0261,0.0193,0.0082,0.0307,-0.0504,-0.0513,0.0363,0.0151,-0.0704,0.1194,0.0265,-0.0217,0.0035
Jun-79,0.0269,0.0311,0.0205,0.0081,-0.014,0.0291,0.0076,-0.0453,0.0066,0.0046,0.0106,0.0696,0.0435,0.0472
Jul-79,-0.0031,-0.0085,-0.0011,0.0077,0.0312,0.0148,0.044,0.1164,-0.0029,0.0086,0.0683,-0.0473,0.0134,0.0171
Aug-79,0.0006,-0.0035,-0.0091,0.0077,0.1204,0.03,0.0199,-0.0154,0.0037,0.0249,0.0629,0.1017,0.0577,0.0756
Sep-79,-0.0179,-0.0122,0.0006,0.0083,0.0692,0.0504,0.05,0.2019,0.0189,0.0182,0.2607,0.0649,0.0043,-0.0344
Oct-79,-0.089,-0.0841,-0.0468,0.0087,-0.0142,-0.0901,-0.0833,-0.0095,-0.0776,-0.1039,-0.0384,-0.103,-0.0640,-0.1154
Nov-79,0.0222,0.0311,0.0363,0.0099,-0.027,0.0411,0.0541,0.1314,-0.0401,0.0435,0.0881,0.089,0.0475,0.0858
Dec-79,-0.0108,0.0057,0.0087,0.0095,0.1227,0.0022,-0.0049,0.1728,0.063,-0.0016,0.2318,0.0648,0.0214,0.0588
Jan-80,-0.0645,-0.0741,-0.0135,0.008,0.2068,0.0492,-0.0064,0.0502,0.0198,0.1067,0.2754,0.1462,0.0622,0.0836
Feb-80,-0.0665,-0.0467,-0.0641,0.0089,0.0259,0.0118,0.0049,-0.0043,-0.0391,0.0574,-0.0245,0.1333,-0.0001,-0.0284
Mar-80,-0.0062,-0.0315,0.0143,0.0121,-0.1819,-0.1432,-0.1548,-0.1762,-0.0282,-0.1329,-0.2237,-0.2204,-0.0972,-0.1778
Apr-80,0.1376,0.1523,0.1198,0.0126,0.0699,0.1009,0.115,0.1524,0.0814,0.0804,0.0475,0.034,0.0462,0.0694
May-80,0.056,0.0419,0.049,0.0081,0.1403,0.026,0.0361,0.0329,0.0594,0.0086,0.0338,0.0868,0.0515,0.0750
Jun-80,0.0341,0.0359,-0.0077,0.0061,0.0747,0.0709,0.0392,0.1792,0.0388,0.1259,0.2204,0.0727,0.0316,0.0452
Jul-80,-0.0429,-0.0476,-0.0106,0.0053,-0.0008,0.0145,0.0064,0.1104,-0.0498,0.029,-0.0601,0.0409,0.0696,0.1323
Aug-80,-0.0445,-0.0432,-0.0387,0.0064,0.0575,0.008,-0.0242,0.0642,0.0663,0.0237,0.0277,0.0165,0.0101,0.0604
Sep-80,-0.0237,-0.0262,-0.0038,0.0075,0.0591,0.0158,-0.0088,-0.0165,0.0656,0.0281,0.0562,-0.0063,0.0294,0.0418
Oct-80,-0.0159,-0.0263,-0.0152,0.0095,0.066,0.0346,-0.0735,0.243,0.0241,0.0869,-0.0566,-0.0293,0.0202,0.0333
Nov-80,0.0017,0.01,0.0029,0.0096,-0.0273,-0.0131,0.0057,-0.0453,-0.0323,-0.019,-0.0147,0.04,0.1065,0.0766
Dec-80,0.0248,0.0352,0.0171,0.0131,-0.0088,-0.041,-0.0421,0.0308,0.07,-0.0457,-0.0484,-0.058,-0.0302,-0.0338
Jan-81,-0.013,-0.0115,0.0032,0.0104,-0.1048,-0.0392,-0.0915,0.0446,0.0195,-0.0065,-0.1412,-0.0092,-0.0418,0.0207
Feb-81,-0.0269,-0.0436,-0.0235,0.0107,-0.041,-0.0099,-0.0072,-0.0732,-0.0145,-0.0329,-0.0346,-0.0223,0.0174,0.0094
Mar-81,0.0311,0.0384,0.0263,0.0121,0.1045,0.0188,0.0469,-0.0825,0.0597,0.0132,0.0506,0.0768,0.0400,0.0943
Apr-81,-0.0769,-0.0518,-0.0216,0.0108,-0.0116,-0.0108,-0.0055,0.0347,0.0726,0.0248,-0.0603,-0.0211,-0.0193,0.0657
May-81,0.0595,0.0622,0.0245,0.0115,-0.0081,-0.0806,-0.0759,0.1708,-0.0258,-0.0809,-0.0073,0.0359,0.0026,0.0422
Jun-81,0.0023,-0.0179,0.006,0.0135,-0.0164,-0.0241,0.0361,0.0183,0.0351,-0.0416,-0.1111,0,-0.0063,0.0076
Jul-81,-0.0372,-0.0353,-0.027,0.0124,-0.1113,-0.0287,-0.0256,-0.0607,-0.037,-0.0363,-0.0469,-0.0674,0.0021,-0.0316
Aug-81,-0.0345,-0.0386,-0.0178,0.0128,0.006,0.0278,-0.0148,-0.06,0.0386,0.0433,0.0468,0.0023,-0.0577,-0.0684
Sep-81,-0.0199,-0.0145,0.0164,0.0124,-0.0933,-0.0945,-0.0079,-0.2744,-0.0946,-0.18,0.0088,-0.1454,-0.0493,-0.0733
Oct-81,0.0521,0.0829,0.0611,0.0121,-0.0592,0.039,0.0301,0.0508,-0.0011,0.0554,-0.0041,-0.025,0.0540,0.0742
Nov-81,0.1267,0.141,0.0624,0.0107,0.0963,0.1216,0.0563,0.1771,0.0909,0.1921,-0.0293,0.1321,0.0413,0.0276
Dec-81,-0.058,-0.0713,-0.0142,0.0087,-0.016,-0.0339,-0.0441,-0.0385,0.016,-0.0419,-0.041,-0.0487,-0.0256,-0.0220
Jan-82,-0.0129,0.0046,0.005,0.008,-0.1106,0.0143,-0.0098,-0.011,-0.0169,0.0471,-0.0264,-0.0881,-0.0131,-0.0196
Feb-82,0.0312,0.0182,0.0148,0.0092,-0.107,-0.0392,-0.0125,-0.1238,-0.0798,-0.073,-0.063,-0.0776,-0.0559,-0.0296
Mar-82,0.0306,0.0231,0.0042,0.0098,-0.0769,-0.0033,0.011,-0.0681,-0.0962,0.016,-0.1175,-0.0601,-0.0052,-0.0086
Apr-82,0.0338,0.0373,0.0299,0.0113,0.1271,0.0301,0.0355,0.1743,0.0888,0.0241,0.1289,-0.0084,0.0452,0.0383
May-82,0.0245,0.0034,0.0146,0.0106,-0.0145,-0.0013,-0.0221,0.0931,-0.0385,0.0321,-0.0997,-0.0206,-0.0341,-0.0248
Jun-82,-0.0468,-0.0223,-0.0135,0.0096,-0.0879,-0.0812,-0.0674,-0.1226,-0.0604,-0.0641,-0.0238,-0.1355,-0.0150,-0.0159
Jul-82,0.054,0.0501,0.0464,0.0105,-0.0357,0.0206,0.0018,-0.0686,-0.0374,0.035,0.08,0.0647,-0.0178,-0.0015
Aug-82,0.0837,0.0781,0.0469,0.0076,0.0203,0.0056,-0.0272,-0.1283,0.0055,0.0148,0.2001,0.1786,0.1214,0.0698
Sep-82,0.0623,0.0618,0.0325,0.0051,0.0223,0.0224,0.0418,-0.1345,-0.0384,0.0464,-0.0352,-0.0131,0.0125,0.0327
Oct-82,0.0759,0.0634,0.0531,0.0059,-0.0018,0.012,-0.022,-0.2103,0.0036,0.0176,0.0661,0.1132,0.1151,0.1305
Nov-82,0.0201,-0.0002,0.008,0.0063,-0.0145,0.0157,0.0558,-0.0508,0.1851,-0.0283,0.0301,0.0145,0.0404,0.0779
Dec-82,0.0108,0.0312,0.0185,0.0067,0.0381,0.05,0.1153,0.1599,0.1134,0.0135,0.0479,0.0904,0.0193,0.0132
Jan-83,-0.0094,-0.0309,0.0007,0.0069,0.1033,0.0015,-0.0372,0.116,-0.0415,-0.0159,0.0932,0.0306,0.0372,0.0628
Feb-83,0.0428,0.0492,0.0252,0.0062,-0.0771,0.0386,0.0844,0.1446,0.0163,0.0047,-0.1822,0.0363,0.0229,0.0712
Mar-83,0.0072,-0.0094,-0.0049,0.0063,-0.0622,0.0502,0.1293,-0.0443,0.0399,0.0132,0.0153,0.0248,0.0369,0.0525
Apr-83,0.0548,0.035,0.0259,0.0071,0.1604,0.0814,0.0493,-0.0017,0.021,0.1405,0.035,0.104,0.0788,0.0767
May-83,-0.0324,-0.0386,-0.0122,0.0069,0.0674,-0.0105,-0.0786,-0.1269,0.0021,0.0288,0.0192,0.0243,-0.0087,0.0870
Jun-83,-0.0046,0.0039,0.0016,0.0067,-0.0288,0.0177,0.0489,0.0603,0.0316,0.0073,-0.0491,0.021,0.0389,0.0348
Jul-83,-0.0455,-0.0486,-0.0198,0.0074,0.1249,-0.0139,-0.0148,0.0954,0.0081,-0.0368,0.0144,0.0052,-0.0295,-0.0088
Aug-83,0.0051,0.002,0.0081,0.0076,0.0367,-0.0218,-0.0809,-0.1343,-0.0125,-0.0098,-0.0184,0.0046,0.0150,-0.0197
Sep-83,0.0392,0.0505,0.0315,0.0076,0.0441,0.0173,0.0532,-0.2661,0.0787,-0.0022,-0.0223,0.0136,0.0138,0.0133
Oct-83,-0.0025,-0.0132,0.0019,0.0076,-0.0156,-0.0008,0.0806,0.2053,-0.005,-0.0177,-0.0568,-0.0584,-0.0116,-0.0568
Nov-83,0.0142,0.0183,0.0103,0.007,0.0942,0.0294,-0.0063,-0.0101,0.0122,0.0439,0.0602,0.0871,0.0211,0.0516
Dec-83,-0.0033,-0.0059,0.0047,0.0073,0.0232,0.0074,0.0069,0.0371,0.0769,0.0011,-0.0558,-0.0003,-0.0052,-0.0145
Jan-84,0.027,0.0244,0.0177,0.0076,-0.0036,0.0402,0.0004,0.2735,0.0467,0.0386,-0.0226,-0.0481,-0.0056,-0.0008
Feb-84,-0.0172,-0.0178,-0.0064,0.0071,-0.0351,0.0281,0.0354,-0.0369,-0.0031,0.0393,0.0548,-0.0107,-0.0352,-0.0645
Mar-84,-0.0235,-0.0156,-0.0035,0.0073,0.0387,0.0262,0.0031,-0.0372,0.1803,0.0384,-0.0146,-0.0304,0.0173,0.0174
Apr-84,-0.0073,-0.0106,-0.0003,0.0081,-0.0092,-0.0135,-0.0367,0.0227,-0.0219,-0.0058,-0.0327,-0.0265,0.0095,-0.0085
May-84,-0.0483,-0.0516,-0.025,0.0078,-0.1612,-0.073,-0.0473,-0.0997,-0.123,-0.1034,0.0225,-0.0432,-0.0554,-0.0521
Jun-84,0.0199,0.015,0.0099,0.0075,-0.0129,-0.0018,0.0065,-0.015,0.0045,0.0067,-0.0291,-0.0192,0.0217,0.0300
Jul-84,0.0586,0.0693,0.0393,0.0082,0.0011,-0.0658,-0.1013,-0.1063,-0.0707,-0.0595,-0.0823,-0.0301,-0.0124,-0.0420
Aug-84,0.0307,0.0266,0.0101,0.0083,0.1003,0.0846,0.0598,0.1738,0.0856,0.101,0.0172,0.1456,0.1104,0.0998
Sep-84,0.0314,0.0343,0.0202,0.0086,-0.0127,-0.015,0.0155,0.0833,-0.0044,-0.0175,-0.0129,-0.0096,0.0002,0.0027
Oct-84,0.0572,0.0561,0.0383,0.01,0.0364,0.0023,0.0262,0.0139,0.0492,-0.0052,-0.0298,-0.0184,0.0039,-0.0217
Nov-84,0.0212,0.0118,0.0192,0.0073,0.0069,-0.0029,-0.0105,0.112,0.0067,0.021,-0.0135,0.0004,-0.0112,-0.0336
Dec-84,0.0128,0.0091,0.0143,0.0064,-0.0715,0.0071,0.0004,0.0712,0.0382,0.0132,-0.0629,0.0159,0.0263,0.0150
Jan-85,0.0325,0.0364,0.0206,0.0065,0.0614,0.046,0.0412,0.1485,-0.0052,0.0219,-0.0054,0.0796,0.0779,0.1059
Feb-85,-0.0373,-0.0493,-0.0179,0.0058,-0.096,-0.0417,-0.0322,0.0072,0.0326,-0.0527,-0.0616,-0.0421,0.0122,0.0272
Mar-85,0.0179,0.0307,0.0166,0.0062,0.0257,0.1154,0.0971,0.001,0.0569,0.1596,0.1442,0.0252,0.0007,-0.0214
Apr-85,0.0296,0.0242,0.0264,0.0072,-0.0152,0.0287,0.0424,0.103,-0.0343,0.0248,-0.024,0.005,-0.0009,-0.0174
May-85,0.082,0.0896,0.0485,0.0066,0.0229,0.0521,0.102,0.0562,0.0348,0.0509,-0.0229,0.0311,0.0578,0.0276
Jun-85,0.0083,0.0142,0.0108,0.0055,0.0045,0.0118,0.0863,-0.0098,0.045,-0.0332,0.0119,-0.0062,0.0157,0.0106
Jul-85,-0.0121,-0.018,-0.0045,0.0062,0.1788,0.0942,0.033,0.0717,0.0049,0.1245,0.0307,0.0472,-0.0015,0.0260
Aug-85,0.026,0.0259,0.0148,0.0055,-0.0304,0.0512,0.0934,-0.0185,0.0239,0.0535,0.0176,-0.0113,-0.0085,-0.0072
Sep-85,0.0071,-0.0021,0.0113,0.006,0.0677,0.0164,0.1127,-0.0751,0.106,-0.0351,-0.0225,-0.0632,-0.0313,-0.0544
Oct-85,0.0329,0.0338,0.0162,0.0065,0.0324,0.111,0.1534,0.0997,0.0315,0.1078,-0.002,0.0174,0.0462,0.0261
Nov-85,0.037,0.0401,0.0195,0.0061,-0.06,0.0782,0.0131,0.034,0.0148,0.0778,0.0006,0.0643,0.0686,0.0620
Dec-85,0.0469,0.0541,0.0257,0.0065,0.0137,0.0436,0.1611,0.0265,0.0591,-0.0406,0.0046,0.0033,0.0484,0.0470
Jan-86,0.0045,-0.0025,0.0082,0.0056,0.1279,0.0191,0.0382,-0.022,0.0276,0.0008,0.0725,-0.0437,0.0056,0.0112
Feb-86,0.0752,0.1145,0.0275,0.0053,-0.0568,0.1188,0.0545,0.0086,0.1204,0.1193,-0.0352,0.0115,0.0747,0.0719
Mar-86,0.0256,0.077,0.0338,0.006,0.1081,0.0818,0.0341,-0.0317,0.2145,0.0898,0.0173,0.0892,0.0558,0.0477
Apr-86,0.0016,-0.008,0.0081,0.0052,0.1053,0.0929,0.1356,0.1328,0.038,0.0589,0.0051,0.0181,-0.0113,0.0064
May-86,-0.0164,-0.0505,-0.0215,0.0049,0.0034,-0.0884,-0.1578,-0.0233,-0.0066,-0.0819,-0.0074,0.0123,0.0532,0.0360
Jun-86,0.0218,0.0613,0.0276,0.0052,-0.1097,0.0436,0.0403,-0.0255,0.1015,0.0802,0.0103,-0.0196,0.0169,0.0026
Jul-86,0.0031,-0.0108,0.0157,0.0052,-0.1588,-0.0086,-0.0077,0.0788,0.1322,-0.0862,0.031,-0.0468,-0.0559,-0.0710
Aug-86,0.0275,0.0499,0.0266,0.0046,0.0703,0.1117,0.1777,0.0369,0.0909,0.0628,0.0761,0.0405,0.0742,0.0218
Sep-86,-0.0114,-0.05,-0.011,0.0045,0.088,-0.0634,-0.0594,0.0826,0.0249,-0.0838,0.1001,-0.0076,-0.0827,-0.0559
Oct-86,0.0189,0.0289,0.0162,0.0046,0.1283,0.0061,-0.0051,0.1269,-0.1334,0.0206,-0.0525,0.0214,0.0577,0.0346
Nov-86,0.0233,0.0267,0.0113,0.0039,0.0143,0.0535,0.0929,0.0372,0.0663,0.0363,-0.0287,0.0101,0.0243,-0.0031
Dec-86,0.0117,-0.0018,0.0007,0.0049,0.0904,0.0252,0.0049,0.0709,0.0734,0.0523,-0.0019,0.0169,-0.0255,-0.0262
Jan-87,0.0216,0.0161,0.0107,0.0042,0.012,0.0442,-0.0714,0.0091,0.1608,0.1137,0.0302,0.1408,0.1347,0.0943
Feb-87,0.0058,0.0202,0.0059,0.0043,0.1223,0.0357,-0.0512,0.1371,0.0179,0.1212,0.0134,0.0481,0.0395,0.0809
Mar-87,-0.0087,-0.0223,-0.0031,0.0047,0.1071,0.0494,0.0481,-0.0478,0.1095,0.0503,0.0373,0.0937,0.0289,0.0233
Apr-87,-0.0502,-0.0473,-0.0244,0.0044,0.0337,0.0391,0.0046,-0.0332,0.1573,0.0668,0.0766,-0.0262,-0.0089,-0.0313
May-87,-0.0052,-0.0105,-0.0038,0.0038,0.0332,-0.0056,-0.0325,0.1232,-0.0018,0.0566,-0.005,-0.0052,0.0087,-0.0039
Jun-87,0.0155,0.0098,0.0122,0.0048,0.0216,0.0285,0.0655,0.0934,-0.0741,0.0344,-0.0082,0.0307,0.0505,0.0266
Jul-87,-0.0119,-0.0178,0.0025,0.0046,0.1129,0.0336,0.0399,0.0973,-0.035,0.0207,0.034,0.0844,0.0507,0.0364
Aug-87,-0.0075,-0.0165,-0.0038,0.0047,0.094,0.0083,0.0401,0.0445,0.1246,-0.0206,-0.0197,-0.0003,0.0373,0.0287
Sep-87,-0.0422,-0.0369,-0.0141,0.0045,0.0367,0.0065,-0.0413,0.0799,-0.0354,0.0513,0.0135,-0.0143,-0.0219,-0.0081
Oct-87,0.0507,0.0623,0.0299,0.006,-0.4457,-0.1901,-0.1761,-0.4344,-0.0751,-0.2153,0.0202,-0.2208,-0.2154,-0.2919
Nov-87,0.0125,0.0037,0.0083,0.0035,0.0988,-0.044,-0.0967,-0.0294,0.0399,-0.0451,0.0506,-0.0252,-0.0824,-0.0397
Dec-87,0.0212,0.0165,0.0093,0.0039,0.0358,0.0582,0.0197,0.0878,0.0129,0.1217,-0.0171,0.0749,0.0761,0.0520
Jan-88,0.0517,0.0666,0.0316,0.0029,-0.0614,-0.041,-0.1215,0.0293,0.0538,-0.0066,-0.0539,-0.0137,0.0421,0.0556
Feb-88,0.0138,0.0052,0.0123,0.0046,0.0097,0.0588,0.1593,0.0216,0.0755,-0.0037,-0.0695,0.0659,0.0466,0.0760
Mar-88,-0.0188,-0.0307,-0.0086,0.0044,0.1732,0.0275,-0.0009,0.0603,0.0753,0.0478,0.0723,0.0453,-0.0309,0.0408
Apr-88,-0.0149,-0.016,-0.0044,0.0046,0.0624,0.0186,-0.0166,0.0246,0.0104,0.0268,-0.0174,0.016,0.0111,0.0209
May-88,-0.0057,-0.0102,-0.0049,0.0051,0.1492,-0.0187,-0.0117,-0.0271,-0.0452,-0.0287,0.0145,-0.0372,0.0086,-0.0179
Jun-88,0.0379,0.0368,0.0181,0.0049,-0.0324,-0.0101,0.002,0.0819,-0.0377,-0.0325,-0.0416,0.0842,0.0459,0.0612
Jul-88,-0.0111,-0.017,-0.0047,0.0051,0.0617,0.0022,0.0088,0.0158,0.0458,0.0098,0.0006,-0.0188,-0.0038,-0.0025
Aug-88,0.0054,0.0058,-0.0009,0.0059,-0.0271,-0.0454,-0.0072,-0.0813,-0.0755,-0.0674,-0.0207,-0.0523,-0.0339,-0.0246
Sep-88,0.0326,0.0345,0.0196,0.0062,-0.0317,0.0544,0.074,0.0084,0.0431,0.0489,-0.0726,0.0214,0.0426,0.0227
Oct-88,0.0273,0.0308,0.0148,0.0061,0.0696,0.0927,0.1055,0.0779,0.0834,0.0794,0.0396,0.033,0.0278,-0.0123
Nov-88,-0.0169,-0.0196,-0.0115,0.0057,-0.0213,0.0123,-0.0063,0.0326,0.0889,0.0109,0.0247,-0.0045,-0.0143,-0.0437
Dec-88,0.0039,0.011,-0.001,0.0063,-0.0082,0.0053,0.03,0.0171,0.0057,-0.0178,-0.0292,0.0284,0.0174,0.0394
Jan-89,0.0202,0.0203,0.0121,0.0055,0.0919,0.0363,-0.0478,0.1407,0.003,0.1132,-0.0396,0.0824,0.0732,0.0404
Feb-89,-0.0129,-0.0179,-0.0051,0.0061,-0.1501,-0.0114,0.0011,-0.0087,0.0193,-0.0259,-0.0178,-0.0318,-0.0249,0.0083
Mar-89,0.0064,0.0122,0.0049,0.0067,0.0181,0.0072,-0.0188,0.0023,-0.0349,0.0064,-0.0098,0.0111,0.0233,0.0358
Apr-89,0.0213,0.0159,0.022,0.0067,0.0139,0.0278,0.0499,0.0455,-0.0016,0.0141,-0.0147,0.0265,0.0519,0.0279
May-89,0.0379,0.0401,0.0212,0.0079,-0.0262,-0.0512,-0.0354,-0.1138,-0.0566,-0.0697,-0.0417,0.007,0.0405,0.0362
Jun-89,0.0395,0.055,0.0324,0.0071,0.0102,0.0412,0.077,-0.18,-0.0448,0.0082,0.031,0.0237,-0.0057,-0.0201
Jul-89,0.0178,0.0238,0.0235,0.007,0.0878,0.1177,0.1017,0.1345,0.1326,0.1511,-0.0126,0.0772,0.0903,0.0407
Aug-89,-0.0163,-0.0259,-0.0246,0.0074,0.0842,-0.0125,-0.0126,-0.0308,-0.069,-0.0233,-0.0231,0.0154,0.0195,0.0122
Sep-89,0.004,0.0019,0.0069,0.0065,-0.0013,0.0172,0.0437,0.1245,0.0637,-0.0054,0.0186,-0.016,-0.0041,0.0000
Oct-89,0.0276,0.0379,0.0237,0.0068,-0.0418,-0.0656,-0.047,-0.0064,-0.0262,-0.0947,0.024,0,-0.0232,-0.0604
Nov-89,0.007,0.0078,0.0084,0.0069,-0.0236,0.0555,0.1026,0.009,0.051,0.0534,0.0875,0.01,0.0204,-0.0051
Dec-89,0.0006,-0.0006,0.0012,0.0061,0.0524,0.1076,0.2019,0.0154,-0.0018,0.101,-0.0234,0.0198,0.0240,-0.0134
Jan-90,-0.0191,-0.0343,-0.0105,0.0057,-0.0076,-0.0027,0.0297,-0.0301,-0.0602,0.0067,0.0413,-0.0922,-0.0671,-0.0764
Feb-90,-0.0012,-0.0025,0.0007,0.0057,-0.069,-0.024,-0.0204,0.0811,-0.1034,-0.0273,-0.0177,0.0018,0.0129,0.0187
Mar-90,-0.0011,-0.0044,0.0002,0.0064,-0.025,0.0141,0.0963,0.0228,-0.1939,-0.0289,-0.0961,0.0086,0.0265,0.0368
Apr-90,-0.0191,-0.0202,-0.0077,0.0069,-0.0673,-0.0266,-0.0689,-0.007,0.0126,-0.0642,-0.002,-0.0751,-0.0249,-0.0266
May-90,0.0385,0.0415,0.0261,0.0068,0.0918,0.0814,0.0118,0.0761,0.1431,0.149,-0.0128,0.0733,0.0975,0.0561
Jun-90,0.0216,0.023,0.0151,0.0063,0.0432,0.0351,0.0429,0.0426,-0.0467,0.0595,-0.0299,-0.0039,-0.0067,0.0144
Jul-90,0.0102,0.0107,0.0174,0.0068,0.048,0.0422,0.0726,0.0534,-0.0135,0.0431,0.0571,0.0203,-0.0032,-0.0382
Aug-90,-0.0292,-0.0419,-0.0092,0.0066,-0.0156,-0.0992,-0.1487,-0.1128,-0.0973,-0.0532,0.0415,-0.0512,-0.0904,-0.1296
Sep-90,0.0091,0.0117,0.0094,0.006,-0.0569,-0.1178,-0.1768,-0.11,-0.1636,-0.0888,0.0533,-0.0446,-0.0487,-0.0829
Oct-90,0.0132,0.0215,0.0171,0.0068,-0.0923,0.0843,0.1291,0.0878,0.2424,0.0808,-0.0708,-0.0311,-0.0043,-0.0572
Nov-90,0.0285,0.0402,0.0193,0.0057,0.0016,0.01,0.0199,-0.0022,-0.1202,0.0545,0.0141,0.0267,0.0646,0.0450
Dec-90,0.0167,0.0187,0.0161,0.006,-0.0257,-0.0145,-0.0362,0.0121,0.047,-0.0073,0.0035,0.0429,0.0279,0.0194
Jan-91,0.015,0.013,0.0107,0.0052,0.0578,0.0336,0.0269,0.0763,0.0284,0.0379,-0.0523,-0.0004,0.0436,0.0841
Feb-91,0.0121,0.003,0.0048,0.0048,0.0732,0.0875,0.07,0.1012,0.1261,0.0812,-0.009,0.0665,0.0715,0.1113
Mar-91,0.0108,0.0038,0.0023,0.0044,0.015,-0.067,-0.1341,0.0618,-0.0622,-0.0524,-0.0194,-0.0019,0.0242,0.0680
Apr-91,0.0138,0.014,0.0117,0.0053,0.0791,-0.0105,0.0346,-0.026,0.0249,-0.013,0.0059,0.0108,0.0024,0.0034
May-91,0.0039,0,0.0059,0.0047,-0.0296,0.0295,0.0645,0.0435,-0.0046,0.0068,0.0074,0.0357,0.0431,0.0334
Jun-91,-0.0018,-0.0063,-0.0023,0.0042,0.0122,-0.084,-0.0934,-0.003,-0.072,-0.0843,0.0221,-0.0246,-0.0458,-0.0485
Jul-91,0.0167,0.0157,0.0129,0.0049,0.0622,0.0693,0.0334,0.0945,0.0309,0.117,-0.0149,0.016,0.0466,0.0407
Aug-91,0.0275,0.034,0.0247,0.0046,-0.0072,0.0182,0.0127,0.0015,-0.0552,0.0257,-0.0426,0.0115,0.0237,0.0261
Sep-91,0.0271,0.0303,0.0216,0.0046,0.0374,0.03,0.0217,-0.0134,0.0873,0.0379,0.0216,-0.0261,-0.0167,0.0032
Oct-91,0.0043,0.0054,0.0134,0.0042,0.0513,-0.021,-0.0231,0.016,0.0432,-0.0253,0.0072,0.0443,0.0134,0.0317
Nov-91,0.0106,0.0082,0.0128,0.0039,-0.0505,-0.0235,0.0158,0.0292,-0.0706,-0.0471,0.0248,-0.025,-0.0403,-0.0276
Dec-91,0.0436,0.0581,0.0265,0.0038,0.0021,0.0781,0.073,0.0369,0.0316,0.0856,-0.0359,0.0032,0.1144,0.0601
Jan-92,-0.0173,-0.0324,-0.0195,0.0034,-0.0276,-0.0003,0.0067,0.093,-0.0463,-0.01,0.0027,0.0133,-0.0186,0.1128
Feb-92,0.0096,0.0051,0.0022,0.0028,0.0068,0.0039,0.0248,0.0825,-0.0835,-0.0112,-0.0028,-0.0083,0.0130,0.0452
Mar-92,-0.0073,-0.0094,-0.0079,0.0034,0.0067,-0.035,-0.022,0.0005,-0.1084,-0.0566,-0.0323,-0.055,-0.0194,-0.0249
Apr-92,0.0016,0.0016,0.0098,0.0032,0.0351,0.0552,-0.0046,0.0792,-0.0616,0.1196,-0.0157,-0.0135,0.0294,-0.0403
May-92,0.0254,0.0243,0.0222,0.0028,0.0159,0.0569,0.0633,0.1454,0.08,0.0571,0.0034,0.0052,0.0049,-0.0014
Jun-92,0.0156,0.02,0.0177,0.0032,-0.034,-0.0186,0.0174,0.0141,-0.0914,-0.0378,0.0175,0.0032,-0.0149,-0.0519
Jul-92,0.0308,0.0398,0.0242,0.0031,-0.023,-0.0357,-0.0548,-0.0449,-0.0114,-0.0375,0.0421,0.0225,0.0409,0.0370
Aug-92,0.009,0.0067,0.015,0.0026,-0.0789,-0.0033,-0.0007,-0.0447,0.1772,-0.0024,-0.0499,-0.0219,-0.0205,-0.0228
Sep-92,0.0099,0.0185,0.0194,0.0026,-0.0426,-0.0165,-0.0389,-0.0069,-0.024,-0.0179,0.0265,-0.074,0.0118,0.0131
Oct-92,-0.0156,-0.0198,-0.0182,0.0023,-0.0611,-0.0698,-0.0696,0.1269,-0.0464,-0.0798,-0.0279,0.0249,0.0035,0.0259
Nov-92,0.0069,0.001,-0.0084,0.0023,0.0072,-0.0005,-0.0063,-0.0749,0.0258,0.0127,-0.0149,-0.0451,0.0341,0.0885
Dec-92,0.0228,0.0246,0.0146,0.0028,0.0931,0.0229,-0.0161,-0.0562,-0.0148,0.0423,-0.0039,0.0262,0.0123,0.0441
Jan-93,0.025,0.028,0.027,0.0023,-0.0319,0.0017,0.0327,0.0427,-0.0033,-0.0218,-0.0074,-0.0193,0.0084,0.0543
Feb-93,0.0256,0.0354,0.0243,0.0022,0.0768,0.0114,0.0515,0.103,0.0433,-0.0244,-0.0086,0.0556,0.0136,-0.0180
Mar-93,0.0025,0.0021,0.0043,0.0025,0.0393,0.0514,0.0282,0.0034,0.1407,0.0732,0.0311,0.0267,0.0211,0.0289
Apr-93,0.0052,0.0072,0.0088,0.0024,0.0064,0.0221,-0.0138,0.0765,0.1777,0.0296,0.0488,0.035,-0.0242,-0.0306
May-93,0.002,0.0047,-0.0009,0.0022,-0.0177,0.0108,-0.0027,0.0861,0.0275,0.0072,0.0653,0.0143,0.0268,0.0342
Jun-93,0.0293,0.0449,0.0201,0.0025,-0.0227,-0.0146,-0.0331,-0.0356,-0.0139,-0.0103,0.0026,-0.0072,0.0029,-0.0038
Jul-93,0.01,0.0192,0.0005,0.0024,0.0982,0.0034,0.0331,-0.0185,0.0633,-0.0029,0.0616,-0.0074,-0.0040,0.0166
Aug-93,0.0287,0.0434,0.0223,0.0025,0.0423,0.0878,0.1114,0.0729,0.0218,0.0703,-0.0752,0.0073,0.0379,0.0339
Sep-93,0.0043,0.0005,0.0056,0.0026,-0.0251,-0.0031,0.0168,0.0209,-0.0475,-0.0114,-0.0432,-0.0493,-0.0077,0.0316
Oct-93,0.0051,0.0096,0.0018,0.0022,0.1131,0.0417,0.0595,0.2323,-0.0046,0.0392,0.0397,0.0935,0.0207,0.0471
Nov-93,-0.0188,-0.0259,-0.0093,0.0025,-0.0626,-0.0216,-0.0237,-0.0141,-0.166,0.0045,0.0035,-0.023,-0.0095,-0.0175
Dec-93,0.0067,0.002,0.0032,0.0023,0.1091,0.0751,0.0581,0.2749,0.0317,0.0748,0.0562,0.0453,0.0121,0.0194
Jan-94,0.0202,0.0257,0.0138,0.0025,0.1069,0.0509,-0.0292,-0.0375,0.1615,0.0449,-0.0354,0.063,0.0340,0.0618
Feb-94,-0.0286,-0.045,-0.0258,0.0021,-0.051,-0.0354,-0.0188,-0.1047,0.0457,-0.0494,0.0097,-0.0488,-0.0271,-0.0023
Mar-94,-0.0383,-0.0395,-0.0257,0.0027,-0.0733,-0.0283,0.0346,-0.1077,-0.0428,-0.0669,0.02,-0.0434,-0.0436,-0.0446
Apr-94,-0.0097,-0.015,-0.0105,0.0027,0.0362,0.0414,0.0599,0.0042,0.0426,0.0363,-0.0328,-0.0112,0.0128,0.0060
May-94,-0.0062,-0.0082,-0.0002,0.0032,0.0478,-0.0425,-0.0578,0.0691,0.0219,-0.0523,0.0296,0.012,0.0164,-0.0012
Jun-94,-0.0081,-0.01,-0.0028,0.0031,-0.0515,-0.0105,0.0029,-0.081,0.0493,0.0035,0.0017,-0.0649,-0.0245,-0.0262
Jul-94,0.0309,0.0363,0.0169,0.0028,0.0508,0.0524,0.0492,0.0798,-0.0359,0.0538,-0.0109,0.046,0.0328,0.0184
Aug-94,-0.0031,-0.0086,0.0026,0.0037,0.0474,0.0317,0.0367,0.0567,0.0068,0.0573,0.0046,0.0565,0.0410,0.0337
Sep-94,-0.0265,-0.0331,-0.0158,0.0037,-0.0538,-0.0397,-0.0593,-0.0426,-0.0247,-0.0461,0.0236,0.0222,-0.0245,0.0105
Oct-94,-0.005,-0.0025,-0.0023,0.0038,0.0274,0.0436,0.0558,0.0075,0.0274,0.0582,-0.0279,-0.0126,0.0225,0.0115
Nov-94,0.0018,0.0066,-0.007,0.0037,-0.0379,-0.0383,-0.0526,-0.1215,-0.0503,-0.0434,-0.002,-0.0555,-0.0364,-0.0326
Dec-94,0.0157,0.0161,0.0053,0.0044,0.0214,0.0057,0.036,-0.0309,0.0115,0.0012,0.0004,0.017,0.0148,0.0002
Jan-95,0.0256,0.0273,0.0182,0.0042,-0.0604,-0.0078,-0.019,-0.1175,-0.0583,-0.0152,-0.0218,-0.0512,0.0259,0.0283
Feb-95,0.0289,0.0287,0.0234,0.004,0.0319,0.0227,0.0847,0.1534,-0.0483,0.0058,0.004,0.0549,0.0390,0.0252
Mar-95,0.0095,0.0091,0.0063,0.0046,-0.0103,0.0464,-0.023,0.0256,0.092,0.0754,0.0414,0.0424,0.0295,0.0145
Apr-95,0.0175,0.0169,0.0143,0.0045,0.0674,0.032,0.0423,-0.0282,0.0488,0.014,-0.0057,0.0174,0.0294,0.0352
May-95,0.0631,0.079,0.0369,0.0054,-0.0228,0.0205,0.0083,0.1317,-0.062,0.0233,-0.014,0.0415,0.0400,0.0298
Jun-95,0.0079,0.0139,0.0079,0.0047,-0.0112,0.0094,0.0283,-0.0161,-0.0478,0.0011,0.0072,0.0171,0.0232,0.0568
Jul-95,-0.0101,-0.0168,-0.0016,0.0045,0.0931,0.0521,0.0592,0.0203,0.0796,0.0559,-0.0096,0.0177,0.0332,0.0645
Aug-95,0.0214,0.0236,0.0086,0.0047,0.0185,-0.0387,-0.0541,-0.0331,-0.0402,-0.0236,-0.0026,0.0006,0.0025,0.0358
Sep-95,0.0153,0.0175,0.0064,0.0043,-0.0063,0.0302,0.0138,0.0599,0.0085,0.0303,0.0043,-0.0047,0.0422,0.0195
Oct-95,0.0185,0.0294,0.0121,0.0047,-0.0249,-0.0047,-0.0122,0.0022,-0.0559,-0.001,-0.0035,-0.0085,-0.0036,-0.0487
Nov-95,0.0242,0.0249,0.0149,0.0042,0.0206,0.0071,0.002,0.0027,0.0592,0.0061,0.0135,0.0372,0.0439,0.0192
Dec-95,0.0228,0.0272,0.0095,0.0049,0.0204,0.0317,0.0306,0.0327,0.0511,0.0265,-0.0021,0.0094,0.0193,0.0239
Jan-96,0.0014,-0.0011,0.0006,0.0043,0.03,0.0065,0.0431,0.1289,-0.0131,-0.0015,0.0479,0.0519,0.0340,0.0028
Feb-96,-0.0373,-0.0483,-0.0138,0.0039,0.0317,0.0182,0.0089,-0.0111,-0.0178,0.0082,-0.0121,-0.0089,0.0093,0.0369
Mar-96,-0.013,-0.021,-0.0118,0.0039,-0.0045,0.012,-0.0039,0.0009,0.0353,-0.0055,-0.0107,0.0196,0.0096,0.0228
Apr-96,-0.016,-0.0165,-0.005,0.0046,0.0491,0.0072,-0.0365,0.0023,0.0569,0.0195,-0.0127,0.0412,0.0147,0.0848
May-96,0.0005,-0.0054,-0.0032,0.0042,-0.0077,0.0077,0.0143,0.03,-0.0515,0.0117,-0.0019,0.0158,0.0258,0.0749
Jun-96,0.0172,0.0203,0.0117,0.004,-0.033,0.011,0.0203,-0.0232,0.0053,-0.0058,-0.0219,-0.0274,0.0038,-0.0582
Jul-96,0.001,0.0018,0.0025,0.0045,-0.0469,-0.0125,0.0028,-0.0455,-0.0448,0.007,0.0086,-0.0306,-0.0442,-0.0943
Aug-96,-0.007,-0.0139,-0.0005,0.0041,0.064,0.0297,0.023,0.0327,-0.0447,0.0518,0.003,0.0446,0.0211,0.0476
Sep-96,0.0259,0.029,0.0155,0.0044,0.0009,0.021,0.0065,0.0682,0.0346,0.0231,-0.0193,0.0396,0.0563,0.0291
Oct-96,0.0361,0.0404,0.0183,0.0042,0.0383,0.0232,0.0091,0.0421,-0.0671,0.0474,0.0013,0.0782,0.0276,-0.0175
Nov-96,0.0263,0.0351,0.0149,0.0041,0.0408,0.0507,0.0396,0.0819,0.0191,0.057,-0.0216,0.0728,0.0756,0.0288
Dec-96,-0.0186,-0.0256,-0.0078,0.0046,-0.0029,0.0194,0.0031,-0.0052,-0.0691,0.0347,-0.0055,-0.0345,-0.0198,0.0204
Jan-97,-0.0028,-0.0079,0.0025,0.0045,-0.0407,0.0027,-0.0043,-0.0215,-0.1088,-0.0294,-0.0643,0.0491,0.0625,0.0420
Feb-97,0.0028,0.0005,0.0002,0.0039,0.0289,0.0132,0.0413,-0.0016,0.0234,0.0313,0.0379,-0.008,0.0078,-0.0206
Mar-97,-0.0221,-0.0252,-0.0114,0.0043,-0.0036,0.0323,0.0734,-0.0663,-0.0329,0.0106,-0.0291,-0.0502,-0.0411,-0.0490
Apr-97,0.0184,0.0255,0.0148,0.0043,0.0271,-0.005,-0.036,0.0164,0.0363,0.0184,-0.023,0.0234,0.0597,-0.0276
May-97,0.0128,0.0095,0.0077,0.0049,0.0182,0.0427,0.0423,0.1263,0.1104,0.0457,0.016,0.0836,0.0609,0.1022
Jun-97,0.0187,0.0197,0.0103,0.0037,0.0327,0.05,0.044,0.0512,0.0747,0.0139,-0.032,0.0176,0.0448,0.0498
Jul-97,0.0528,0.0626,0.0264,0.0043,-0.0078,0.0469,0.0977,0.0625,-0.0305,0.0468,-0.0245,0.065,0.0796,0.0605
Aug-97,-0.024,-0.0317,-0.0098,0.0041,-0.0688,-0.0571,-0.0991,-0.1311,-0.0867,-0.0163,-0.0031,-0.0527,-0.0560,0.0509
Sep-97,0.0226,0.0316,0.0151,0.0044,0.0479,0.097,0.0769,0.0633,-0.0151,0.0867,0.0207,0.0583,0.0548,0.0844
Oct-97,0.0191,0.0341,0.015,0.0042,-0.135,-0.0492,-0.07,-0.2886,-0.0932,-0.038,-0.0623,-0.0473,-0.0334,-0.0386
Nov-97,0.0101,0.0148,-0.0001,0.0039,-0.0212,0.0154,0.0346,-0.0134,-0.0614,0.0049,-0.0469,-0.0304,0.0463,-0.0155
Dec-97,0.0163,0.0184,0.0106,0.0048,0.0287,0.0365,0.0414,0.0144,-0.0572,0.0377,-0.0222,0.0253,0.0172,-0.0171
Jan-98,0.0137,0.02,0.018,0.0043,0.0661,0.0416,0.0301,-0.1393,0.0892,0.0486,0.0505,-0.0179,0.0111,-0.0059
Feb-98,-0.0007,-0.0072,-0.0039,0.0039,0.0175,0.0782,0.0637,0.1981,0.0052,0.0694,-0.0244,0.0848,0.0721,0.0649
Mar-98,0.0038,0.0025,0.0026,0.0039,0.003,0.0712,0.0673,-0.0207,-0.068,0.0528,0.0121,0.0753,0.0512,0.0481
Apr-98,0.0053,0.0026,0.0061,0.0043,-0.0149,0.0194,0.037,-0.1057,-0.0041,0.0022,0.0322,0.0048,0.0101,0.0168
May-98,0.0167,0.0182,0.007,0.004,-0.0576,0.0203,0.0803,-0.1364,-0.055,-0.0369,-0.055,-0.0121,-0.0172,-0.0497
Jun-98,0.0115,0.0228,0.0079,0.0041,0.0021,0.011,0.0419,-0.053,0.014,0.0154,0.0092,-0.0403,0.0406,-0.0206
Jul-98,-0.0056,-0.004,0.0027,0.004,-0.0062,0.0198,0.0239,-0.0741,-0.0132,-0.02,-0.0251,-0.0711,-0.0106,-0.0671
Aug-98,0.0089,0.0465,0.0271,0.0043,-0.1354,-0.1258,-0.1643,-0.0668,-0.114,-0.0724,-0.0535,-0.218,-0.1446,-0.2010
Sep-98,0.0413,0.0395,0.033,0.0046,0.066,-0.04,-0.013,0.1643,-0.0273,-0.0204,0.0748,0.0258,0.0641,0.0369
Oct-98,-0.019,-0.0218,0.0041,0.0032,0.0856,0.08,0.0418,0.3323,0.1677,0.061,-0.0053,0.1012,0.0813,0.0356
Nov-98,0.027,0.0097,-0.0098,0.0031,0.0621,0.0532,0.0517,-0.0017,0.0457,0.0447,0.0082,0.0367,0.0606,0.0758
Dec-98,0.001,-0.0032,0.0037,0.0038,-0.0077,0.0437,0.0248,-0.0175,0.0387,0.0316,-0.0234,0.0112,0.0576,0.0252
Jan-99,0.0123,0.0121,0.0055,0.0035,0.0602,-0.0064,0.0165,-0.0666,0.0073,-0.0103,-0.0083,0.0828,0.0418,0.0279
Feb-99,-0.0401,-0.052,-0.0262,0.0035,-0.0254,-0.0254,-0.0826,0.01,-0.0219,0.0222,0.0058,-0.057,-0.0311,-0.0687
Mar-99,0.0002,-0.0008,0.0086,0.0043,0.042,0.0109,-0.0271,0.1312,0.1387,0.0312,-0.0265,0.0412,0.0400,-0.0379
Apr-99,-0.0024,0.0021,0.0021,0.0037,0.1024,0.0298,0.0649,0.223,0.0417,0.0387,0.0256,0.1017,0.0387,0.0949
May-99,-0.0176,-0.0185,-0.0147,0.0034,-0.0822,-0.048,-0.0608,-0.0801,-0.0564,-0.0554,-0.0628,-0.0275,-0.0236,0.0387
Jun-99,-0.016,-0.0078,0.0032,0.004,0.0497,0.0169,0.0556,0.0956,0.0947,0.0026,-0.0283,0.0416,0.0555,0.0568
Jul-99,-0.0113,-0.0079,-0.0005,0.0038,-0.0008,0.0093,-0.016,-0.0322,0.0998,0.0152,-0.0207,0.0072,-0.0312,0.0092
Aug-99,-0.0026,-0.0051,0.0015,0.0039,-0.0563,0.0102,0.0173,0.0092,-0.007,-0.0039,-0.0031,-0.0162,-0.0049,-0.0191
Sep-99,0.0093,0.0084,0.0097,0.0039,0.004,-0.0077,-0.0135,-0.04,0.0607,-0.0161,0.1735,0.0289,-0.0274,-0.0221
Oct-99,0.0047,-0.0012,-0.0008,0.0039,-0.0233,0.0368,0.0541,0.0524,0.0429,0.0292,0.0003,0.0672,0.0633,-0.0087
Nov-99,-0.0024,-0.0061,-0.0008,0.0036,0.053,0.027,0.0278,0.1298,0.0429,0.0123,-0.0259,0.0403,0.0203,0.0971
Dec-99,-0.0102,-0.0155,-0.0048,0.0044,0.0564,0.1025,0.1713,0.0885,0.0621,0.057,-0.0038,0.1449,0.0589,0.1137
Jan-00,-0.0021,0.0228,-0.0053,0.0041,-0.036,-0.0712,-0.0348,-0.076,-0.0433,-0.0916,-0.0239,0.0031,-0.0502,0.0595
Feb-00,0.0092,0.0264,0.0078,0.0043,-0.0236,0.0521,0.1045,0.0588,-0.0259,-0.0316,0.0365,0.0597,-0.0189,0.2358
Mar-00,0.0169,0.0367,0.0203,0.0047,-0.0087,0.0241,-0.0161,0.0269,0.0825,0.0737,-0.0576,0.0893,0.0978,-0.0751
Apr-00,-0.0115,-0.0076,-0.0043,0.0046,-0.0269,-0.0441,-0.0866,-0.0936,-0.0752,-0.0417,-0.0061,-0.0367,-0.0301,-0.1251
May-00,-0.0161,-0.0054,0.0052,0.005,-0.0355,-0.0082,-0.0311,-0.1141,-0.0509,-0.0338,-0.0102,-0.0188,-0.0205,-0.0808
Jun-00,0.0326,0.0244,0.0191,0.004,0.1445,0.0215,-0.0029,0.0778,0.0687,0.0093,0.0584,0.1256,0.0247,0.1368
Jul-00,0.0179,0.0173,0.0072,0.0048,-0.0608,-0.016,-0.0038,0.0679,-0.1152,0.0068,-0.0396,0.0303,-0.0156,-0.0322
Aug-00,0.0135,0.024,0.0134,0.005,0.0106,-0.0118,-0.046,0.0091,0.0647,0.0106,0.0009,0.0878,0.0621,0.0925
Sep-00,0.0046,-0.0157,0.0096,0.0051,-0.044,-0.0468,-0.0523,-0.0818,-0.0497,-0.0274,-0.0121,-0.101,-0.0528,-0.0217
Oct-00,0.0045,0.0187,0.0079,0.0056,-0.0644,-0.0076,0.0073,-0.067,-0.058,0.0071,-0.0334,-0.0874,-0.0042,-0.0706
Nov-00,0.0263,0.0319,0.0174,0.0051,0.0222,-0.0387,-0.0735,-0.0351,-0.0415,-0.0588,0.0174,-0.0897,-0.0788,-0.1110
Dec-00,0.027,0.0243,0.0214,0.005,0.0354,0.0689,0.0849,0.1007,-0.0608,0.0684,0.0199,0.0217,0.0049,0.0189
01-Jan,0.0359,0.0005,0.0098,0.0054,0.0404,0.0005,0.0373,0.0292,-0.0119,-0.0165,-0.0363,0.0488,0.0355,0.1380
01-Feb,0.0127,0.0191,0.0105,0.0038,-0.0457,-0.0878,-0.0813,-0.0228,-0.045,-0.0662,0.0083,-0.1595,-0.0912,-0.0702
01-Mar,-0.0029,-0.0074,0.0076,0.0042,-0.1061,-0.0746,-0.1047,-0.1053,-0.0297,-0.0451,-0.0337,-0.0916,-0.0634,-0.0480
01-Apr,-0.0128,-0.0313,-0.0114,0.0039,0.1177,0.0711,0.069,-0.0003,0.0679,0.0627,0.0211,0.0712,0.0777,0.0731
01-May,0.0132,0.0037,-0.0007,0.0032,0.0057,-0.0488,-0.0636,-0.0113,-0.0024,-0.0333,0.0165,0.0184,0.0067,0.0960
01-Jun,0.0055,0.0085,0.0066,0.0028,0.0318,-0.0378,-0.006,-0.0535,-0.0596,-0.0341,0.0116,-0.0384,-0.0243,0.0359
01-Jul,0.0361,0.0376,0.0247,0.003,-0.0516,0.0025,0.0044,-0.0022,-0.0745,0.001,-0.0174,-0.0046,-0.0098,-0.0254
01-Aug,0.0157,0.0206,0.0095,0.0031,0.0053,-0.026,-0.0713,-0.0688,-0.025,-0.0095,0.0267,-0.0545,-0.0626,-0.0295
01-Sep,-0.0152,0.0081,0.0253,0.0028,-0.1257,-0.0998,-0.1625,-0.1544,-0.0934,-0.0658,0.0736,-0.0934,-0.0808,-0.1278
01-Oct,0.0437,0.0464,0.018,0.0022,0.0881,0.0318,0.044,0.0347,-0.0021,0.0193,-0.049,0.0011,0.0191,0.0645
01-Nov,-0.0188,-0.0471,-0.0171,0.0017,0.0768,0.0401,0.0878,0.1316,0.0109,0.0218,-0.0117,0.0917,0.0767,0.0674
01-Dec,-0.009,-0.0183,-0.0082,0.0015,0.0114,0.0256,0.0305,0.051,-0.0675,0.0237,0.0036,0.0156,0.0088,0.0672
02-Jan,0.0175,0.0138,0.0036,0.0014,0.0027,-0.0523,-0.0456,-0.0177,-0.0783,-0.0422,0.021,-0.0075,-0.0146,0.0110
02-Feb,0.013,0.0115,0.0108,0.0013,0.0057,-0.0002,-0.0132,-0.0389,0.0415,-0.0048,0.0515,-0.0106,-0.0193,-0.0277
02-Mar,-0.0295,-0.0436,-0.0242,0.0013,0.0339,0.0542,0.0799,0.0606,0.0573,0.0463,0.0153,0.0356,0.0376,0.0884
02-Apr,0.0253,0.041,0.0239,0.0015,-0.0125,-0.0076,-0.0298,0.0567,0.0582,0.0032,0.0226,-0.0079,-0.0606,0.0243
02-May,0.0113,0.0015,0.0118,0.0014,0.0624,-0.0031,-0.0106,-0.041,0.0623,-0.0163,0.0597,0.0215,-0.0074,-0.0273
02-Jun,0.0073,0.0187,0.0169,0.0013,-0.0494,-0.0347,-0.0296,-0.0605,-0.0521,-0.0422,-0.0248,-0.0569,-0.0712,-0.0356
02-Jul,0.0094,0.0303,0.0272,0.0015,-0.0749,-0.1113,-0.1652,-0.0412,-0.0695,-0.0673,-0.0435,-0.1126,-0.0780,-0.1448
02-Aug,0.0452,0.0464,0.0167,0.0014,0.0237,-0.0002,0.0043,-0.0489,-0.0106,-0.0104,0.0268,0.0123,0.0066,-0.0057
02-Sep,0.033,0.0417,0.0288,0.0014,-0.0559,-0.1316,-0.2435,-0.0713,-0.0447,-0.1035,0.0348,-0.0807,-0.1087,-0.0674
02-Oct,-0.024,-0.0294,-0.0024,0.0014,0.0537,0.0967,0.1398,0.036,-0.0696,0.0784,-0.021,0.0301,0.0880,0.0257
02-Nov,0.0103,-0.0122,-0.0169,0.0012,0.0263,0.0491,0.0567,0.0626,0.0404,0.0301,0.0068,0.0583,0.0589,0.0836
02-Dec,0.0361,0.0507,0.0279,0.0011,-0.0186,-0.0363,-0.0768,-0.075,-0.0257,-0.0216,0.0882,-0.0081,-0.0587,-0.0429
03-Jan,0.0021,-0.0106,-0.0089,0.001,0.018,-0.0473,-0.0244,0.0057,-0.0405,-0.0705,0.0585,0.0279,-0.0262,-0.0223
03-Feb,0.0264,0.0329,0.0179,0.0009,-0.0142,-0.0326,-0.0693,-0.0121,0.0058,-0.0161,-0.0546,0.0348,-0.0150,-0.0288
03-Mar,-0.008,-0.0135,-0.0007,0.001,0.0353,-0.0149,-0.0377,-0.0517,-0.0453,-0.001,-0.0363,-0.0132,0.0097,0.0111
03-Apr,0.0229,0.0102,0.0013,0.001,0.0792,0.1349,0.2342,-0.0014,-0.0078,0.104,0.0057,0.0635,0.0824,0.0928
03-May,0.0471,0.0592,0.0273,0.0009,0.0335,0.0649,0.0649,0.0853,0.0485,0.0614,0.0732,0.0854,0.0527,0.1162
03-Jun,-0.0143,-0.0154,-0.0035,0.001,0.0387,0.0096,0.0508,0.0135,0.0737,0.0086,-0.0426,0.0263,0.0128,0.0440
03-Jul,-0.0881,-0.0982,-0.0319,0.0007,-0.0032,0.0203,0.0592,0.0636,0.0406,0.0062,0.0253,0.0032,0.0176,0.0738
03-Aug,0.0219,0.0166,-0.0027,0.0007,0.0238,-0.0019,-0.0167,0.1229,0.1054,-0.0068,0.0588,0.052,0.0195,0.0473
03-Sep,0.0503,0.0546,0.0307,0.0009,0.0386,0.0203,-0.0073,0.056,0.0593,0.0354,0.033,0.0171,-0.0106,0.0009
03-Oct,-0.0203,-0.0283,-0.0136,0.0007,0.0846,0.0669,0.1191,0.0429,0.0458,0.0679,-0.0045,0.0673,0.0566,0.0894
03-Nov,0.0052,0.0027,-0.0014,0.0007,-0.0041,0.0426,0.0532,-0.0054,-0.0309,0.0297,0.0313,0.0296,0.0088,0.0430
03-Dec,0.0139,0.0139,0.0109,0.0008,0.0847,0.0821,0.1139,0.0202,0.0693,0.0749,0.0449,0.0542,0.0524,0.0277
04-Jan,0.0187,0.0187,0.0052,0.0007,-0.0014,0.0117,0.0109,0.0975,0.0181,-0.003,-0.0396,0.0105,0.0184,0.0578
04-Feb,0.0178,0.023,0.0124,0.0006,0.0461,0.0293,-0.0083,0.0323,-0.0029,0.0457,-0.0098,0.0216,0.0139,0.0050
04-Mar,0.0118,0.0141,0.01,0.0009,0.014,-0.0312,-0.0473,-0.0598,0.1343,-0.0234,0.0704,-0.0049,-0.0151,0.0014
04-Apr,-0.0534,-0.0588,-0.0334,0.0008,-0.0593,-0.0083,0.0046,-0.0485,-0.0542,-0.007,-0.0831,-0.0834,-0.0157,-0.0409
04-May,-0.0071,-0.0051,-0.0049,0.0006,0.0059,0.0162,0.0036,0.0038,-0.0351,0.0218,0.0122,0.0265,0.0137,0.0000
04-Jun,0.0093,0.0121,0.0049,0.0008,-0.0015,0.0134,0.0291,-0.0002,0.0539,0.0002,0.0065,0.0424,0.0194,0.0441
04-Jul,0.0184,0.0155,0.0082,0.001,0.0026,-0.0275,-0.0491,0.0135,-0.0593,-0.0099,-0.0111,0.0008,-0.0331,-0.0747
04-Aug,0.0395,0.0395,0.0195,0.0011,0.0182,0.0006,-0.0188,0.0711,0.0072,0.0057,0.0405,0.0002,0.0040,-0.0152
04-Sep,0.0101,0.0096,0.0012,0.0011,0.0651,0.0401,0.0528,0.0172,-0.0235,0.0322,0.0206,0.0756,0.0108,0.0501
04-Oct,0.0164,0.0154,0.0064,0.0011,0.06,0.0361,0.0406,-0.0034,0.0261,0.0244,0.0238,0.0629,0.0153,0.0184
04-Nov,-0.02,-0.0234,-0.0127,0.0015,0.084,0.0734,0.0882,0.0911,0.0483,0.0647,0.0654,0.0407,0.0405,0.0897
04-Dec,0.0257,0.025,0.0067,0.0016,0.0424,0.0423,0.0538,0.0232,0.0513,0.0325,-0.0393,0.0184,0.0340,0.0458
05-Jan,0.0277,0.03,0.0026,0.0016,0.0073,-0.0185,-0.0391,-0.0415,-0.0232,-0.0072,-0.0309,-0.0398,-0.0244,-0.0410
05-Feb,-0.0112,-0.0128,-0.0111,0.0016,0.0537,0.05,0.0406,0.0334,0.0206,0.0485,0.0315,0.0641,0.0210,0.0083
05-Mar,-0.0125,-0.0072,-0.0038,0.0021,-0.0407,-0.0252,-0.0226,-0.0331,-0.0207,-0.0264,-0.0183,0.0138,-0.0177,-0.0323
05-Apr,0.0327,0.0373,0.0167,0.0021,-0.0161,-0.0253,-0.0461,0.0423,-0.0257,-0.0105,0.0192,-0.0543,-0.0190,-0.0622
05-May,0.0295,0.0297,0.0103,0.0024,-0.0014,0.0035,0.0193,0.0015,-0.0091,-0.0095,-0.0488,0.0218,0.0318,0.0603
05-Jun,0.0141,0.0167,0.0043,0.0023,0.0558,0.0138,0.0092,0.0354,-0.001,0.0159,0.0547,0.0606,0.0014,0.0452
05-Jul,-0.0244,-0.0288,-0.0144,0.0024,0.0236,0.0364,0.0698,0.0574,0.01,0.0131,-0.0185,0.0548,0.0372,0.0763
05-Aug,0.0233,0.0333,0.0161,0.003,0.0078,0.0149,0.0032,-0.0105,0.0696,0.0298,0.0099,0.059,-0.0091,-0.0139
05-Sep,-0.031,-0.0338,-0.0124,0.0029,0.0723,0.0243,0.0226,0.0316,0.1033,0.0177,0.0923,0.0599,0.0081,0.0061
05-Oct,-0.0204,-0.0196,-0.0063,0.0027,-0.0622,-0.0315,-0.0309,-0.0652,-0.012,-0.0305,-0.0053,-0.0722,-0.0167,-0.0281
05-Nov,0.0099,0.0076,0.0059,0.0031,0.0356,0.0169,0.0352,0.028,0.0427,0.0044,0.0529,0.0538,0.0378,0.0453
05-Dec,0.0225,0.0267,0.0061,0.0032,0.0226,0.0352,0.0411,0.0096,0.0858,0.0288,0.035,0.0442,0.0003,0.0018
06-Jan,-0.0093,-0.0118,-0.0036,0.0035,0.0712,0.0653,0.0845,0.0545,0.0504,0.0596,0.1087,0.0877,0.0265,0.0914
06-Feb,0.0128,0.0238,-0.0017,0.0034,-0.0155,0.0008,0.0051,0.0018,-0.0085,-0.0066,-0.0224,-0.0183,0.0027,0.0025
06-Mar,-0.0404,-0.0539,-0.0056,0.0037,0.0038,0.0388,0.0441,0.0138,0.0252,0.0287,0.0468,0.0151,0.0124,0.0455
06-Apr,-0.0224,-0.0247,-0.0008,0.0036,0.0917,0.0511,0.0491,0.0561,0.0291,0.0593,0.1065,0.0487,0.0134,-0.0041
06-May,-0.002,0.001,-0.0004,0.0043,-0.056,-0.0276,-0.0405,-0.0563,-0.0622,-0.0193,0.014,-0.0267,-0.0288,-0.0589
06-Jun,0.0039,0.0092,0.0022,0.004,0.0063,0.0033,-0.01,0.0027,-0.0111,0.01,-0.0605,-0.0161,0.0014,-0.0089
06-Jul,0.0237,0.0199,0.0125,0.004,0.0122,0.0152,-0.0035,0.0174,-0.0055,0.0229,0.031,0.0028,0.0062,-0.0345
06-Aug,0.0361,0.0299,0.0135,0.0042,0.0286,0.0316,0.0364,0.0354,0.015,0.0242,-0.0142,0.04,0.0238,0.0278
06-Sep,0.0183,0.017,0.0079,0.0041,-0.0146,0.0086,0.0151,0.0095,-0.0164,-0.005,-0.0389,-0.0302,0.0258,0.0056
06-Oct,0.0127,0.0077,0.0052,0.0041,0.0822,0.0429,0.0501,0.0187,0.0174,0.0499,0.0075,0.0478,0.0326,0.0545
06-Nov,0.0246,0.0207,0.0088,0.0042,0.0396,0.0356,0.046,0.0576,0.0071,0.0243,0.0711,0.0285,0.0190,0.0225
06-Dec,-0.0232,-0.0236,-0.0067,0.004,0.0328,0.0321,0.0413,0.063,0.0248,0.0254,-0.0227,-0.007,0.0140,0.0161
07-Jan,-0.0051,-0.0102,-0.002,0.0044,0.0023,0.0059,0.014,0.016,0.0085,-0.0016,0.0293,-0.003,0.0151,0.0115
07-Feb,0.0287,0.0335,0.017,0.0038,0.034,-0.0036,0.0091,-0.0257,0.0402,-0.0014,0.0211,0.007,-0.0196,-0.0050
07-Mar,-0.0231,-0.0145,0.0024,0.0043,0.054,0.0362,0.0438,0.0156,-0.0132,0.0332,-0.0037,0.0274,0.0112,0.0102
07-Apr,0.014,0.0085,0.0047,0.0044,0.0598,0.0646,0.0946,0.0231,-0.0195,0.0443,0.023,0.0605,0.0443,0.0150
07-May,-0.0178,-0.02,-0.0102,0.0041,0.0147,0.0176,0.0417,0.0194,0.0163,0.017,-0.0264,0.0853,0.0349,0.0315
07-Jun,-0.0148,-0.0091,0.0011,0.004,0.0258,-0.0002,0.0188,0.0142,-0.003,0.013,-0.013,-0.0017,-0.0166,-0.0033
07-Jul,-0.0032,0.0284,0.0175,0.004,-0.0137,-0.0213,-0.0365,0.0698,-0.0016,-0.025,0.0231,-0.0026,-0.0310,-0.0651
07-Aug,0.0152,0.0199,0.0185,0.0042,-0.0188,-0.011,0.0017,0.0048,-0.0294,-0.0084,0.0098,0.0001,0.0150,0.0116
07-Sep,0.0135,0.0012,0.0057,0.0032,0.1484,0.0506,0.0743,0.153,0.0231,0.0361,0.1057,0.0978,0.0374,0.0148
07-Oct,0.0088,0.0155,-0.0048,0.0032,0.0753,0.0466,0.0465,0.1098,-0.0038,0.0602,0.0626,0.0936,0.0159,0.0170
07-Nov,0.0079,0.0468,0.0425,0.0034,-0.0756,-0.032,-0.0124,-0.0364,-0.0183,-0.0538,-0.0076,-0.1112,-0.0418,-0.0842
07-Dec,0.0028,-0.0029,0.0048,0.0027,-0.0358,-0.0175,0.0168,0.0019,-0.0396,-0.0269,0.0641,0.0271,-0.0069,-0.0006
08-Jan,0.0017,0.0213,0.0263,0.0021,-0.0922,-0.1043,-0.1384,-0.1165,-0.0457,-0.0893,0.1073,-0.0639,-0.0600,-0.0765
08-Feb,-0.0071,0.0018,0.0234,0.0013,0.0297,0.0161,0.0132,-0.0223,0.0069,0.0041,0.0523,0.0616,-0.0325,-0.0314
08-Mar,-0.0059,0.0106,0.0073,0.0017,-0.0558,0.0042,0.0109,-0.0611,-0.0406,-0.0215,-0.0391,-0.0553,-0.0043,0.0031
08-Apr,0.0091,-0.0288,-0.0293,0.0018,0.0845,0.0453,0.0438,0.0816,0.0727,0.0647,-0.067,0.0705,0.0487,0.0207
08-May,-0.0277,-0.0164,-0.0084,0.0018,0.0229,0.0044,0.0157,-0.0055,0.0252,-0.006,0.0169,0.0757,0.0130,0.0398
08-Jun,-0.0061,0.022,0.0075,0.0017,-0.0623,-0.087,-0.0795,-0.1068,-0.0682,-0.0627,0.0502,-0.0363,-0.0843,-0.0905
08-Jul,-0.0109,-0.0025,0.0064,0.0015,-0.0701,-0.0287,-0.0105,-0.0147,-0.0341,-0.041,-0.0132,-0.0699,-0.0084,0.0448
08-Aug,0.0121,0.0242,0.0104,0.0013,-0.0432,-0.0394,-0.0611,-0.0534,-0.0398,-0.0322,-0.0926,-0.0198,0.0145,0.0338
08-Sep,-0.0863,0.0112,0.0085,0.0015,-0.1746,-0.1508,-0.145,-0.1736,-0.1121,-0.1485,0.0618,-0.1423,-0.0891,-0.0737
08-Oct,-0.045,-0.0383,0.0146,0.0008,-0.2553,-0.2124,-0.2297,-0.2127,-0.1478,-0.1896,-0.1738,-0.27,-0.1679,-0.2071
08-Nov,0.1174,0.1443,0.043,0.0003,-0.0757,-0.0686,-0.0895,-0.006,-0.0125,-0.0644,0.1146,-0.0571,-0.0718,-0.1284
08-Dec,0.156,0.0967,0.016,0,0.0627,0.0525,0.1281,0.0382,0.0813,-0.0287,0.0678,-0.0286,0.0106,0.0566
09-Jan,-0.0949,-0.1124,-0.0163,0,-0.1319,-0.1106,-0.1681,0.0045,-0.068,-0.0622,0.0572,-0.0356,-0.0843,-0.1191
09-Feb,-0.0308,-0.0056,-0.0082,0.0001,-0.0375,-0.1016,-0.1255,-0.0478,-0.1238,-0.0819,0.0353,-0.0861,-0.1065,-0.1311
09-Mar,-0.0018,0.0641,0.0186,0.0002,0.1778,0.0693,0.106,0.0405,0.021,0.0372,-0.0373,0.0934,0.0876,0.0958
09-Apr,-0.003,-0.0649,-0.0166,0.0001,0.1125,0.1394,0.167,0.1686,0.0963,0.1261,-0.0363,0.1388,0.0957,0.1739
09-May,0.0489,-0.0248,-0.0132,0,0.0992,0.1213,0.0962,0.1809,0.103,0.1386,0.1044,0.212,0.0559,0.0343
09-Jun,0.035,0.0083,-0.0076,0.0001,0.0495,-0.0196,-0.0343,-0.0161,0.0176,-0.0127,-0.042,-0.0546,0.0020,0.0276
09-Jul,0.0565,0.0019,0.0056,0.0001,0.1024,0.105,0.1178,0.1377,0.0428,0.0927,0.0048,0.1197,0.0756,0.0982
09-Aug,0.0235,0.0231,0.0097,0.0001,0.0817,0.0631,0.0417,-0.0708,0.0394,0.0552,0.0176,-0.0147,0.0361,0.0273
09-Sep,0.0273,0.0176,0.0075,0.0001,0.1163,0.0464,0.0584,0.0823,-0.0172,0.0279,0.0421,0.0722,0.0373,0.0576
09-Oct,0.0016,-0.0171,0.003,0,0.0007,-0.0116,-0.0398,0.0273,-0.0251,0.0129,0.0444,-0.0517,-0.0186,-0.0727
09-Nov,0.0044,0.0208,0.0184,0,0.031,0.029,0.0514,-0.0124,-0.0103,0.029,0.1305,0.0739,0.0600,0.0178
09-Dec,-0.0275,-0.0584,-0.0241,0.0001,0.017,0.0151,0.0121,0.0209,0.0077,0.0263,-0.0751,0.031,0.0193,0.0869
10-Jan,0.0096,0.0264,0.0194,0,-0.07,-0.0591,-0.0869,-0.0659,0.019,-0.0481,-0.0083,-0.0742,-0.0360,-0.0294
10-Feb,0.0039,0.0032,0.0071,0,0.0338,-0.0199,-0.0222,0.0391,0.0112,-0.0146,0.0276,0.0575,0.0310,0.0439
10-Mar,0.0045,-0.0179,-0.0088,0.0001,0.0832,0.0648,0.0905,0.0553,0.0499,0.0597,0.0065,0.0826,0.0603,0.0808
10-Apr,0.0357,0.0304,0.0094,0.0001,-0.0056,-0.0271,-0.0198,-0.0242,-0.0016,-0.0112,0.0571,0.0142,0.0158,0.0727
10-May,-0.0051,0.0437,0.0151,0.0001,-0.167,-0.1217,-0.1084,-0.0636,-0.0809,-0.1089,0.024,-0.0688,-0.0799,-0.0742
10-Jun,0.0519,0.0446,0.0129,0.0001,-0.0219,-0.0074,-0.0023,0.0307,-0.0201,-0.0223,0.0302,-0.0522,-0.0523,-0.0724
10-Jul,0.017,0.0024,0.0158,0.0001,0.1219,0.1164,0.0949,0.0581,0.0356,0.1214,-0.0603,0.0713,0.0701,0.0714
10-Aug,0.0473,0.0702,0.0128,0.0001,-0.0309,-0.0368,-0.0593,0.0106,-0.0228,-0.0199,0.0659,-0.0195,-0.0451,-0.0798
10-Sep,-0.0144,-0.0153,0.0049,0.0001,0.1369,0.1099,0.1325,0.14,0.0458,0.0897,0.049,0.0776,0.0892,0.1216
10-Oct,-0.0203,-0.0317,0.0064,0.0001,0.0287,0.0433,0.0781,0.0221,0.0204,0.0394,0.0304,0.0311,0.0380,0.0434
10-Nov,-0.0057,-0.0137,-0.0082,0.0001,-0.0346,-0.0759,-0.0508,0.0188,0.021,-0.0492,0.0273,0.0102,0.0001,0.0424
10-Dec,-0.0036,-0.0388,-0.0171,0.0001,0.1057,0.0839,0.07,0.0065,0.0762,0.073,0.0159,0.0767,0.0668,0.0819
11-Jan,-0.0198,-0.0196,0.0062,0.0001,-0.0228,0.0394,0.0429,0.017,0.0013,0.0197,-0.0559,0.004,0.0237,-0.0109
11-Feb,0.0157,0.0113,-0.0053,0.0001,0.0459,0.0328,0.0349,-0.0331,0.0456,0.0431,0.0633,0.0727,0.0343,0.0587
11-Mar,-0.0072,-0.0006,-0.0005,0.0001,0.022,-0.0083,-0.0042,0.0128,-0.0919,-0.0244,0.0198,-0.0004,0.0004,0.0325
11-Apr,0.0239,0.0199,0.0154,0,0.0577,0.08,0.1115,0.0249,0.0036,0.0708,0.0671,0.0117,0.0296,0.0168
11-May,0.0257,0.0355,0.0179,0,-0.0502,-0.033,-0.0624,0.0056,-0.0163,-0.0218,0.0007,-0.0306,-0.0113,-0.0192
11-Jun,-0.021,-0.0179,-0.0001,0,-0.0106,-0.0192,0.0198,-0.039,0.0146,-0.0288,-0.0202,-0.0286,-0.0167,-0.0216
11-Jul,0.0473,0.0422,0.0202,0,-0.022,-0.0339,-0.0389,0.0202,0.0354,0.0007,0.0817,-0.0215,-0.0203,-0.0269
11-Aug,0.024,0.0862,0.021,0.0001,-0.0442,-0.1002,-0.1858,-0.061,-0.0813,-0.0731,0.1136,-0.0356,-0.0543,-0.0893
11-Sep,0.0575,0.0704,0.0008,0,-0.1462,-0.1098,-0.1182,-0.1639,-0.0165,-0.0879,-0.1067,-0.1413,-0.0703,-0.1058
11-Oct,0.0094,-0.0306,0.0009,0,0.1701,0.121,0.161,0.1254,-0.0025,0.1206,0.063,0.1042,0.1093,0.1543
11-Nov,-0.0356,0.0251,0.0036,0,-0.067,-0.0451,-0.042,-0.0737,-0.0442,-0.0271,0.0139,-0.0271,-0.0022,-0.0060
11-Dec,0.0512,0.027,0.0049,0,-0.0156,-0.0155,-0.0655,0.0196,0.0083,0.0007,-0.1231,-0.0224,0.0102,0.0086
12-Jan,0.0194,0.0023,0.008,0,0.0882,0.0469,0.1056,0.0946,0.0452,0.0353,0.1391,0.0592,0.0448,0.0696
12-Feb,0.0057,-0.0196,-0.0052,0,0.0302,0.0633,0.084,0.086,0.0505,0.0521,0.0149,0.0355,0.0432,0.0191
12-Mar,-0.0303,-0.0302,-0.007,0,-0.0282,-0.0059,0.0089,-0.0458,0.0134,-0.0119,-0.0607,-0.0301,0.0329,0.0298
12-Apr,0.0251,0.0409,0.0129,0,0.0194,-0.0229,-0.0317,0.0081,-0.0319,0.0128,-0.0068,0.0049,-0.0063,-0.0142
12-May,0.0344,0.0643,0.0083,0.0001,-0.1293,-0.1226,-0.137,-0.0972,-0.0893,-0.1147,-0.0565,-0.1075,-0.0601,-0.0697
12-Jun,0.0064,-0.0136,-0.002,0,0.0695,0.0793,0.048,0.045,0.0514,0.071,0.026,0.0285,0.0412,0.0512
12-Jul,0.0612,0.0247,0.0077,0,0.0745,0.0113,0.0252,0.0351,-0.0239,0.0117,0.0147,0.0218,0.0139,-0.0091
12-Aug,-0.0093,-0.0069,0.0015,0.0001,0.0018,0.0441,0.052,0.0077,-0.0073,0.0337,0.0163,0.0425,0.0225,0.0312
12-Sep,-0.0126,-0.0146,0.0004,0.0001,0.0263,0.0295,0.0564,0.079,0.0233,0.0236,0.0773,0.0368,0.0258,0.0419
12-Oct,0.0206,-0.0014,-0.0024,0.0001,0.0264,0.0145,0.0166,0.0147,-0.0187,0.0064,-0.0321,-0.0037,-0.0185,-0.0205
12-Nov,-0.0092,0.0144,0.0048,0.0001,0.0114,0.026,0.0261,0.0321,0.0237,0.0142,0.0041,-0.0048,0.0058,0.0094
12-Dec,-0.0062,-0.0202,-0.0031,0.0001,0.0292,0.0281,0.0402,0.0089,0.053,0.0207,-0.0397,0.0153,0.0091,0.0380
13-Jan,-0.0313,-0.0332,-0.0061,0,0.0551,0.0585,0.0536,0.0584,0.0367,0.0387,0.0044,0.0181,0.0518,0.0568
13-Feb,0.0093,0.0114,0.0064,0,0.039,-0.0277,-0.0392,-0.0062,0.0267,-0.025,-0.0458,-0.0143,0.0136,0.0110
13-Mar,-0.0018,-0.0001,0.0028,0,-0.0051,-0.0021,-0.0104,-0.0161,0.0488,0.0119,0.0061,0.0052,0.0375,0.0487
13-Apr,0.0349,0.0378,0.006,0,0.0467,0.0434,0.039,0.0259,0.0877,0.0308,-0.0809,-0.0148,0.0193,-0.0079
13-May,-0.0536,-0.0629,-0.0165,0,-0.121,0.0018,0.031,-0.0172,-0.0566,0.0012,-0.0507,-0.0053,0.0234,0.0518
13-Jun,-0.0371,-0.0285,-0.0139,0,-0.0645,-0.0483,-0.0412,-0.054,0.0175,-0.052,-0.1452,-0.0559,-0.0134,0.0046
13-Jul,0.0031,-0.0173,0.0026,0,0.0283,0.0736,0.0649,0.0415,0.006,0.0659,0.1028,0.0574,0.0509,0.0741
13-Aug,-0.0074,-0.0079,-0.0074,0,0.0153,-0.0128,-0.026,-0.0127,-0.0215,-0.0043,0.061,-0.0095,-0.0290,-0.0348
13-Sep,0.0014,0.0061,0.0121,0,0.0723,0.0719,0.0867,0.059,0.0835,0.0557,-0.0489,0.0391,0.0314,0.0705
13-Oct,0.0211,0.0128,0.0051,0,0.0557,0.0428,0.0571,0.0207,0,0.035,-0.0019,0.0328,0.0460,0.0348
13-Nov,-0.0086,-0.0236,0.0011,0,-0.044,0.0118,0.0425,0.0111,0.0149,0.0101,-0.0536,-0.0091,0.0305,0.0555
13-Dec,0.0002,-0.0207,-0.0122,0,-0.0178,0.0224,0.0279,0.0014,0.008,0.0274,-0.0387,0.0161,0.0253,0.0189
14-Jan,0.0331,0.0548,0.0131,0,-0.0542,-0.0386,-0.0494,-0.056,-0.0386,-0.043,0.0386,-0.0414,-0.0346,-0.0443
14-Feb,0.0168,0.0074,0.0024,0,0.0772,0.073,0.067,0.047,-0.0054,0.0702,0.0604,0.0443,0.0457,0.0421
14-Mar,0.0062,0.0063,-0.0068,0,0.0397,-0.0102,-0.0174,-0.0222,-0.0129,-0.0317,-0.0262,0.0146,0.0084,0.0097
14-Apr,0.016,0.0181,0.0048,0,0.0187,0.0249,0.0086,0.0261,-0.0258,0.0453,-0.0025,0.0291,0.0074,-0.0341
14-May,0.0188,0.0279,0.0094,0,0.011,0.0089,0.0145,0.0477,0.0404,0.0081,-0.0295,0.0078,0.0235,0.0010
14-Jun,0.002,-0.0025,-0.0017,0,-0.0021,-0.001,-0.0066,0.007,0.0523,0.0064,0.0516,0.0595,0.0207,0.0434
14-Jul,0.0024,0.0057,-0.0047,0,0.0286,-0.0378,-0.0644,0.0612,0.0058,-0.0126,-0.0226,-0.0008,-0.0138,-0.0584
14-Aug,0.0356,0.0369,0.0075,0,0.0103,0.0042,-0.009,-0.0094,-0.0217,0.0037,0.0004,0.0224,0.0400,0.0454
14-Sep,-0.0271,-0.017,-0.0049,0,-0.1141,-0.0375,-0.042,-0.0733,-0.0071,-0.0521,-0.0539,-0.0649,-0.0140,-0.0569
14-Oct,0.0225,0.03,0.0089,0,0.0528,-0.0264,-0.0202,0.068,-0.013,-0.0234,-0.043,-0.0287,0.0244,0.0652
14-Nov,0.0173,0.0286,0.0078,0,-0.0629,0.0266,0.0637,0.0069,0.0031,0.0077,0.0159,0.0001,0.0269,-0.0075
14-Dec,0.0183,0.029,-0.006,0,-0.0232,-0.043,-0.0442,-0.0412,-0.0143,-0.0269,0.0197,-0.0197,-0.0025,0.0337
15-Jan,0.0599,0.0709,0.0241,0,-0.0178,0,0.0177,0.0553,0.0234,-0.0101,0.045,-0.0834,-0.0300,-0.0490
15-Feb,-0.032,-0.0523,-0.0123,0,0.0764,0.0628,0.0607,-0.0047,0.0607,0.0627,-0.0367,0.0594,0.0575,0.0603
15-Mar,0.0058,0.0137,0.0074,0,-0.0249,-0.0266,0.0031,0.0092,0.0153,-0.0585,-0.0222,-0.0324,-0.0158,0.0229
15-Apr,-0.0223,-0.025,-0.0014,0,0.0116,0.0434,-0.0023,0.0913,0.0354,0.0692,-0.0057,0.0693,0.0096,-0.0195
15-May,-0.0204,-0.0159,0.0005,0,-0.0275,-0.0077,-0.0283,-0.0051,0.013,-0.0012,0.0094,-0.0453,0.0129,0.0138
15-Jun,-0.032,-0.0298,-0.0053,0,-0.0464,-0.0307,-0.0261,-0.0277,-0.0171,-0.0357,-0.0171,-0.0294,-0.0194,0.0163
15-Jul,0.0239,0.0329,0.0051,0,-0.0021,0.0312,0.0269,-0.0167,0.0047,0.0173,-0.062,-0.0367,0.0210,-0.0244
15-Aug,-0.0067,0.0012,0.0011,0,-0.1142,-0.0712,-0.0751,-0.1285,-0.0581,-0.0743,0.0333,-0.0646,-0.0603,-0.0443
15-Sep,0.0133,0.0174,0.0099,0,-0.0421,-0.0467,-0.0618,-0.0216,-0.068,-0.0445,-0.0185,-0.0471,-0.0247,-0.0431
15-Oct,0.002,-0.0053,-0.0052,0,0.0584,0.0716,0.1062,0.0857,0.1009,0.0729,0.0254,0.0418,0.0844,0.0603
15-Nov,0.002,-0.0065,-0.004,0,0.0083,-0.0183,0.0001,-0.0313,-0.01,-0.0228,-0.0704,-0.0201,0.0030,0.0284
15-Dec,0,-0.0022,-0.0017,0.0001,0.0303,-0.0257,-0.0265,0.008,0.0032,-0.0392,-0.0018,-0.0705,-0.0158,-0.0490
16-Jan,0.0067,0.0476,0.0233,0.0001,-0.0853,-0.0659,-0.0892,-0.093,-0.0823,-0.0603,0.0489,-0.0252,-0.0496,-0.0680
16-Feb,0.0232,0.0294,0.0057,0.0002,-0.0094,-0.0179,-0.0257,-0.0013,-0.0274,-0.0087,0.1107,0.0381,-0.0013,0.0110
16-Mar,0.0423,-0.0003,0.0045,0.0002,0.1267,0.0628,0.0988,0.0979,0.0473,0.0484,0.0017,0.0997,0.0678,0.0708
16-Apr,0.0146,-0.0053,-0.001,0.0001,0.0286,0.0244,0.011,0.0094,0.0465,0.0346,0.0393,0.0669,0.0039,0.0108
16-May,0.0016,0.0082,-0.0021,0.0001,-0.0239,-0.0059,-0.0097,-0.0088,-0.0104,-0.0048,-0.0572,-0.0345,0.0180,0.0107
16-Jun,0.0377,0.059,0.0175,0.0002,0.0006,-0.0445,-0.0569,0.0089,-0.0246,-0.0359,0.0896,0.0037,0.0026,-0.0017
16-Jul,0.0245,0.0081,0.0004,0.0002,0.0816,0.0419,0.0742,0.0684,0.0648,0.0277,0.0161,0.0338,0.0369,0.0502
16-Aug,0.0016,-0.014,-0.0064,0.0002,-0.0262,0.003,0.02,0.0107,0.0038,0.0016,-0.0244,0.0032,0.0014,0.0159
16-Sep,-0.0119,-0.0124,0.0027,0.0002,0.0245,0.0087,0.0039,0.0365,0.016,0.0101,0.0101,0.011,0.0002,0.0072
16-Oct,-0.0263,-0.0314,-0.0052,0.0002,-0.0212,-0.0326,-0.0152,-0.0114,0.0132,-0.0515,-0.0382,-0.0089,-0.0182,-0.0353
16-Nov,-0.051,-0.0599,-0.0189,0.0001,0.0036,-0.0218,-0.037,-0.0163,-0.0241,0.0033,-0.0738,0.0238,0.0370,0.1319
16-Dec,0.0059,-0.0057,-0.0007,0.0003,0.0251,0.0524,0.0697,-0.0639,0.0097,0.0414,-0.0273,0.0176,0.0198,0.0406
17-Jan,-0.0021,0.0043,0.0044,0.0004,0.0427,0.0208,0.0312,0.0772,0.0372,0.0129,0.0584,0.0372,0.0190,-0.0144
17-Feb,0.0212,0.0137,0.0034,0.0004,0.0375,0.0119,0.0064,0.0202,0.0112,0.02,0.0353,-0.0158,0.0397,0.0068
17-Mar,-0.0062,-0.004,0.0015,0.0003,0.0259,0.0402,0.0441,0.0319,-0.0037,0.0167,-0.0086,0.0041,0.0012,0.0017
17-Apr,0.0176,0.0145,0.0075,0.0005,-0.007,0.0353,0.0299,0.0308,0.0105,0.0208,0.0174,-0.0212,0.0103,0.0159
17-May,0.0226,0.0158,0.0056,0.0006,-0.0393,0.0485,0.0441,0.0333,0.0301,0.0462,-0.0002,-0.0023,0.0141,-0.0299
17-Jun,0.0108,-0.001,-0.0039,0.0006,0.0286,-0.0109,-0.0103,0.0063,0.0106,-0.0194,-0.0189,0.0306,0.0062,0.0372
17-Jul,0.006,-0.0027,0.0039,0.0007,0.0445,0.0299,0.0182,0.0371,0.0202,0.0258,0.0204,0.0395,0.0206,0.0047
17-Aug,0.0153,0.0289,0.0073,0.0009,-0.0021,0.0006,0.0024,0.0172,-0.0005,-0.0077,0.0349,0.0012,0.0031,-0.0216
17-Sep,-0.0037,-0.0205,-0.0074,0.0009,-0.0104,0.033,0.0555,-0.0036,0.0196,0.0332,-0.0218,0.037,0.0206,0.0839
17-Oct,0.0076,-0.0013,-0.0017,0.0009,0.0142,0.0047,0.0153,0.0038,0.0461,0.0061,-0.0101,-0.0022,0.0233,0.0111
17-Nov,0.002,0.0036,-0.0038,0.0008,0.0052,0.0022,0.012,0.0337,0.0299,0.0011,0.0079,0.0062,0.0307,0.0264
17-Dec,0.0256,0.0102,-0.0006,0.0009,0.0475,0.0151,0.0003,0.0271,0.007,0.0496,0.0084,0.0385,0.0111,-0.0103
18-Jan,-0.0243,-0.0315,-0.0149,0.0012,0.0295,0.054,0.0593,0.0465,0.0458,0.0304,0.0419,0.0092,0.0573,0.0204
18-Feb,-0.0313,-0.0224,-0.0046,0.0011,-0.0347,-0.0588,-0.0723,-0.0321,-0.0151,-0.064,-0.0202,-0.0733,-0.0369,-0.0431
18-Mar,0.0124,0.0259,0.0078,0.0011,-0.0557,-0.012,-0.0188,-0.0263,-0.0211,-0.0034,0.0046,-0.0093,-0.0254,0.0171
18-Apr,-0.02,-0.0177,-0.0087,0.0014,0.0245,0.0277,0.0195,0.0332,0.0067,0.0483,-0.008,0.0244,0.0038,0.0082
18-May,0.014,0.0164,0.009,0.0014,0.0143,-0.0328,-0.0351,0.0058,-0.0099,-0.0084,-0.006,0.0197,0.0241,0.0594
18-Jun,-0.0124,0.0007,-0.0008,0.0014,0.0124,-0.0067,-0.0237,-0.0491,-0.0252,-0.0096,-0.0421,0.0021,0.0062,0.0140
18-Jul,0.0101,-0.0131,-0.0026,0.0016,0.0222,0.0333,0.043,0.0162,0.004,0.0087,-0.0236,0.0241,0.0372,0.0220
18-Aug,0.0058,0.0152,0.0076,0.0016,-0.0178,-0.0279,-0.0303,-0.0227,0.0022,-0.0419,-0.0152,-0.0148,0.0326,0.0377
18-Sep,-0.012,-0.0518,-0.0075,0.0015,-0.0134,0.0036,-0.017,-0.0026,0.0304,0.0175,-0.0126,-0.001,0.0057,-0.0244
18-Oct,-0.0323,-0.0204,0.0012,0.0019,-0.0758,-0.0763,-0.0844,-0.1111,-0.0846,-0.0675,0.0233,-0.0781,-0.0684,-0.1040
18-Nov,0.0071,0.0505,0.0077,0.0018,0.0063,-0.0093,-0.0204,0.0735,0.004,-0.0167,0.0021,0.0028,0.0204,0.0055
18-Dec,0.037,0.0481,0.018,0.002,-0.0324,-0.0462,-0.0576,0.0004,-0.0668,-0.0379,0.0505,-0.0837,-0.0903,-0.1183
19-Jan,0.0277,0.008,0.0063,0.0021,0.0721,0.0659,0.0663,0.0776,0.061,0.0709,0.0346,0.1303,0.0801,0.1011
19-Feb,-0.0074,-0.0091,-0.0027,0.0018,0.0335,0.0336,0.0173,0.0585,-0.0003,0.0339,-0.0031,0.0277,0.0321,0.0511
19-Mar,0.0485,0.0447,0.0175,0.0019,0.0053,0.0061,-0.0145,0.0133,0.0057,0.0106,-0.018,-0.0068,0.0194,-0.0356
19-Apr,-0.0089,-0.0126,0.0002,0.0021,0.012,0.0358,0.0684,0.0114,0.0139,0.0225,-0.0101,0.0303,0.0405,0.0340
19-May,0.0376,0.053,0.0198,0.0021,0.0072,-0.0548,-0.0659,-0.0667,-0.0396,-0.06,0.0103,-0.0401,-0.0635,-0.0911
19-Jun,0.0337,0.0104,0.0059,0.0018,0.0526,0.0672,0.0733,0.0702,0.0374,0.0499,0.0876,0.0604,0.0705,0.0731
19-Jul,0.0084,0.0024,0.0004,0.0019,0.0063,-0.0194,-0.0348,-0.0333,0.0014,-0.018,0.0132,-0.0058,0.0144,0.0072
19-Aug,0.0738,0.0797,0.0222,0.0016,-0.0433,-0.0252,-0.0295,-0.0828,-0.0101,-0.0468,0.0706,-0.0117,-0.0158,-0.0623
19-Sep,-0.019,-0.0192,-0.0074,0.0018,0.0243,0.0272,0.0245,-0.0068,0.0404,0.0417,-0.0282,0.0224,0.0187,0.0414
19-Oct,0.0006,-0.0052,0.0021,0.0016,0.0175,0.0321,0.0592,0.0471,0.0485,0.0281,0.0173,-0.0021,0.0217,0.0211
19-Nov,0.0014,-0.0059,0,0.0012,0.0101,0.0149,0.0181,-0.0145,0.0056,0.0171,-0.0336,0.0246,0.0363,0.0303
19-Dec,-0.0089,-0.0253,0.0009,0.0014,0.0148,0.0391,0.0191,0.04,0.0209,0.0515,0.0374,0.0259,0.0302,0.0357
20-Jan,0.0519,0.0632,0.0143,0.0013,0.0009,-0.0251,-0.0307,-0.0446,-0.0136,-0.0379,0.0458,-0.0042,-0.0004,-0.0544
20-Feb,0.0281,0.0588,0.0207,0.0012,-0.11,-0.0928,-0.0924,-0.014,-0.0914,-0.1194,0.0162,-0.073,-0.0823,-0.1009
20-Mar,-0.0351,0.0625,0.0294,0.0013,-0.2506,-0.1444,-0.1703,-0.1224,-0.0715,-0.1597,-0.0006,-0.2149,-0.1235,-0.2325
20-Apr,0.0347,0.0082,0.0017,0,0.1529,0.0593,0.0968,0.0727,0.0539,0.0514,0.0583,0.1235,0.1282,0.1332
20-May,0.0084,-0.0097,0.0022,0.0001,0.0456,0.0455,0.0864,-0.0836,0.0592,0.0105,0.0152,0.0323,0.0476,0.0444
20-Jun,0.0146,0.0023,0.0017,0.0001,0.0693,0.0407,0.062,0.1104,-0.0001,0.0144,0.0228,0.0361,0.0199,0.0278
20-Jul,0.061,0.0287,0.0086,0.0001,0.0448,0.0384,0.0502,-0.0074,-0.0159,0.0141,0.1113,0.0598,0.0564,0.0292
20-Aug,-0.0488,-0.0349,-0.0057,0.0001,0.056,0.0411,0.064,0.0787,0.0761,0.0354,-0.0038,0.0534,0.0719,0.0476
20-Sep,0.0041,0.008,0.0012,0.0001,-0.0681,-0.0333,-0.0305,-0.0515,0.0098,-0.0498,-0.036,-0.0492,-0.0380,-0.0462
20-Oct,-0.019,-0.0238,-0.0002,0.0001,0.0002,-0.0564,-0.1026,-0.0116,-0.016,-0.0505,-0.0027,-0.0332,-0.0266,0.0347
20-Nov,0.0509,0.0093,0.0017,0.0001,0.1589,0.1701,0.1716,0.1117,0.1249,0.1678,-0.0634,0.1379,0.1095,0.1644
20-Dec,0,-0.0115,-0.0048,0.0001,0.0602,0.0471,0.0604,0.0507,0.0413,0.0546,0.0709,0.0355,0.0384,0.0839
21-Jan,-0.0331,-0.0304,-0.0065,0.0001,0.0004,-0.0145,-0.0183,0.0199,-0.01,-0.0024,-0.0126,-0.0107,-0.0101,0.0507
21-Feb,-0.0402,-0.0581,-0.0166,0,0.0264,0.0244,0.0201,0.047,0.0151,0.0359,-0.0649,0.0556,0.0276,0.1036
21-Mar,-0.033,-0.0322,-0.0071,0,0.0071,0.0309,0.0408,0.0044,0.0106,0.0275,-0.0297,0.0494,0.0438,0.0465
21-Apr,0.0222,0.0238,0.0093,0,0.0493,0.0454,0.0338,0.031,-0.0152,0.0438,0.0453,0.0441,0.0534,0.0162
21-May,0.0045,0.0001,0.0028,0,0.0325,0.0417,0.0307,0.0132,0.0156,0.0401,0.0748,0.0544,0.0070,0.0309
21-Jun,0.0442,0.0284,0.0003,0,-0.0136,-0.0136,-0.0175,-0.0184,-0.0029,-0.024,-0.072,-0.0005,0.0233,-0.0021
21-Jul,0.0239,0.0305,0.004,0,-0.0132,0.0185,0.0009,-0.0288,-0.0127,0.0091,0.0355,-0.0011,0.0238,-0.0232
21-Aug,-0.0045,-0.0035,0.0004,0,0.0145,0.0151,0.0133,-0.0068,0.0307,0.0085,-0.006,0.002,0.0304,0.0198
21-Sep,-0.0194,-0.025,-0.0078,0,-0.0314,-0.0478,-0.056,-0.0609,0.0275,-0.0203,-0.0397,-0.0261,-0.0465,-0.0153
21-Oct,0.0159,0.0051,-0.0079,0,0.0392,0.045,0.0216,0.0132,-0.0336,0.0401,0.0151,0.0761,0.0701,0.0442
21-Nov,0.0094,0.021,0.002,0,-0.0652,-0.0516,-0.0652,-0.0532,-0.0247,-0.0536,0.0199,-0.0489,-0.0069,-0.0183
21-Dec,,,,,0.051,0.066,0.0558,0.0054,0.0189,0.073,0.0008,0.0472,,
,,,,,,,,,,,,,,